CO_TAZID,TOTHH,HHPOP,HHSIZE,TOTEMP
30001,1.1,2.1,1.91,0.0
30002,15.2,45.9,3.02,3.6
30003,5.1,12.6,2.47,2.6
30004,21.0,39.3,1.87,24.1
30005,30.5,78.6,2.58,69.5
30006,15.1,42.7,2.83,43.9
30007,0.0,0.0,0.00,171.9
30008,0.0,0.0,0.00,0.0
30009,12.1,48.0,3.97,0.0
30010,55.8,163.4,2.93,11.0
30011,37.6,120.1,3.19,7.1
30012,9.6,17.9,1.86,42.6
30013,164.7,528.5,3.21,50.7
30014,6.1,12.4,2.03,0.0
30015,7.3,16.1,2.21,0.0
30016,17.6,66.9,3.80,1.3
30017,0.0,0.0,0.00,0.0
30018,8.2,23.3,2.84,0.0
30019,0.0,0.0,0.00,8.2
30020,0.0,0.0,0.00,96.9
30021,0.0,0.0,0.00,0.0
30022,0.0,0.0,0.00,0.0
30023,0.0,0.0,0.00,9.2
30024,0.0,0.0,0.00,0.0
30025,0.0,0.0,0.00,694.7
30026,0.0,0.0,0.00,0.0
30027,0.0,0.0,0.00,0.0
30028,9.2,17.2,1.87,12.5
30029,9.6,17.9,1.86,281.8
30030,19.2,35.9,1.87,98.9
30031,33.5,84.3,2.52,102.4
30032,1.6,3.1,1.94,2233.6
30033,124.2,511.3,4.12,16.0
30034,297.4,862.2,2.90,181.3
30035,171.6,529.1,3.08,3.1
30036,316.4,807.1,2.55,58.5
30037,65.7,206.4,3.14,128.7
30038,338.6,866.3,2.56,228.9
30039,118.8,285.6,2.40,146.9
30040,176.7,393.7,2.23,187.7
30041,137.0,420.4,3.07,7.9
30042,200.4,554.7,2.77,156.7
30043,165.2,458.1,2.77,8.9
30044,115.8,296.2,2.56,337.2
30045,63.5,187.5,2.95,10.3
30046,196.3,540.7,2.75,773.8
30047,168.2,450.6,2.68,144.4
30048,96.7,305.3,3.16,2.0
30049,270.0,747.3,2.77,3.4
30050,85.6,231.6,2.71,4.3
30051,79.2,202.8,2.56,4.9
30052,150.1,386.3,2.57,53.6
30053,156.8,530.5,3.38,8.8
30054,97.6,279.6,2.86,8.2
30055,41.3,107.2,2.60,4.9
30056,82.6,273.5,3.31,43.3
30057,0.0,0.0,0.00,10.1
30058,36.0,79.0,2.19,322.1
30059,0.0,0.0,0.00,0.0
30060,0.0,0.0,0.00,0.0
30061,0.0,0.0,0.00,0.0
30062,29.2,111.2,3.81,102.9
30063,44.1,115.3,2.61,663.5
30064,229.7,606.0,2.64,745.9
30065,22.0,54.2,2.46,176.4
30066,271.0,763.1,2.82,64.8
30067,147.6,347.5,2.35,123.8
30068,210.5,624.0,2.96,40.4
30069,225.6,674.6,2.99,159.1
30070,441.9,1140.9,2.58,1036.8
30071,588.5,1663.1,2.83,676.5
30072,142.0,379.3,2.67,108.1
30073,28.2,74.1,2.63,37.1
30074,89.5,319.1,3.57,76.2
30075,145.8,347.2,2.38,169.7
30076,170.4,432.0,2.54,44.3
30077,87.0,261.7,3.01,20.5
30078,9.1,31.6,3.47,0.0
30079,276.3,676.7,2.45,532.7
30080,0.0,0.0,0.00,0.0
30081,0.0,0.0,0.00,189.7
30082,0.0,0.0,0.00,247.9
30083,0.0,0.0,0.00,387.0
30084,62.7,207.7,3.31,205.4
30085,75.8,253.2,3.34,266.4
30086,0.0,0.0,0.00,0.0
30087,26.9,79.0,2.94,5.0
30088,227.6,819.1,3.60,89.4
30089,56.0,114.8,2.05,73.2
30090,163.9,477.5,2.91,54.0
30091,165.2,404.8,2.45,25.4
30092,206.9,564.2,2.73,19.2
30093,158.1,498.0,3.15,36.8
30094,0.0,0.0,0.00,0.0
30095,46.7,151.6,3.25,4.9
30096,80.9,239.6,2.96,76.9
30097,274.7,891.2,3.24,42.7
30098,0.0,0.0,0.00,0.0
30099,156.7,537.7,3.43,7.9
30100,53.3,147.1,2.76,1.7
30101,21.5,68.2,3.17,9.9
30102,0.0,0.0,0.00,0.0
30103,0.0,0.0,0.00,0.0
30104,46.7,144.2,3.09,0.0
30105,0.0,0.0,0.00,0.0
30106,25.2,73.6,2.92,0.0
30107,23.9,90.5,3.79,0.0
30108,35.9,111.5,3.11,1.4
30109,0.0,0.0,0.00,78.1
30110,20.2,54.1,2.68,14.9
30111,17.6,21.2,1.20,13.5
30112,7.0,28.3,4.04,0.0
30113,21.4,56.5,2.64,1.0
30114,43.2,136.0,3.15,4.2
30115,16.5,53.8,3.26,1.2
30116,43.4,80.9,1.86,0.0
30117,62.5,173.5,2.78,62.6
30118,173.6,425.8,2.45,14.8
30119,85.7,228.7,2.67,0.0
30120,60.4,179.5,2.97,8.1
30121,60.6,173.5,2.86,2.1
30122,11.3,13.6,1.20,0.0
30123,57.4,173.9,3.03,0.6
30124,126.0,392.0,3.11,10.4
30125,64.3,208.5,3.24,28.6
30126,156.7,543.2,3.47,25.0
30127,181.6,593.7,3.27,18.4
30128,110.4,255.8,2.32,75.0
30129,47.1,122.0,2.59,0.0
30130,3.2,10.1,3.16,0.0
30131,2.4,6.8,2.83,10.7
30132,1.2,4.5,3.75,25.8
30133,4.2,15.8,3.76,0.0
30134,1.2,2.2,1.83,0.0
30135,0.0,0.0,0.00,0.0
30136,0.0,0.0,0.00,0.0
30137,0.0,0.0,0.00,0.0
30138,0.0,0.0,0.00,0.0
30139,0.0,0.0,0.00,0.0
30140,0.0,0.0,0.00,0.0
570141,146.8,406.7,2.77,947.7
570142,32.3,96.0,2.97,0.0
570143,50.3,156.2,3.10,0.0
570144,31.2,85.4,2.74,0.0
570145,166.7,501.2,3.01,0.0
570146,74.5,220.6,2.96,2.0
570147,135.2,430.3,3.18,2.2
570148,258.2,796.3,3.08,195.7
570149,341.3,1089.5,3.19,39.7
570150,535.2,1806.3,3.38,393.7
570151,245.5,814.7,3.32,151.5
570152,503.3,1626.1,3.23,81.7
570153,13.5,32.8,2.43,4.3
570154,42.8,135.8,3.17,3.8
570155,120.7,385.7,3.20,6.5
570156,109.0,339.3,3.11,10.3
570157,44.7,103.2,2.31,2.8
570158,234.8,675.4,2.88,56.7
570159,527.2,1598.6,3.03,217.0
570160,80.7,207.1,2.57,9.3
570161,247.5,691.4,2.79,2.8
570162,648.3,1513.9,2.34,942.3
570163,6.3,16.9,2.66,41.8
570164,29.7,90.3,3.05,1.8
570165,27.8,71.5,2.57,126.7
570166,92.8,264.6,2.85,2.3
570167,22.8,58.1,2.54,2.3
570168,99.8,286.7,2.87,22.8
570169,166.5,455.8,2.74,67.2
570170,7.3,23.5,3.20,1.0
570171,52.2,142.0,2.72,1.0
570172,78.2,209.8,2.68,0.0
570173,220.3,617.8,2.80,624.0
570174,8.7,30.3,3.49,0.0
570175,9.7,20.7,2.14,0.0
570176,442.3,1306.9,2.95,6.5
570177,260.8,780.9,2.99,722.5
570178,570.8,1819.5,3.19,771.3
570179,268.7,957.8,3.57,78.0
570180,16.8,52.0,3.09,0.0
570181,98.0,303.9,3.10,9.5
570182,32.3,88.0,2.72,2.8
570183,862.0,2730.8,3.17,334.0
570184,870.2,2632.9,3.03,7.7
570185,404.0,965.8,2.39,109.2
570186,160.7,432.8,2.69,582.2
570187,582.0,1890.3,3.25,128.5
570188,173.2,557.9,3.22,0.7
570189,344.0,1158.2,3.37,90.3
570190,345.8,965.4,2.79,3.3
570191,499.3,1360.7,2.73,150.8
570192,457.5,1347.8,2.95,18.0
570193,152.2,474.2,3.12,1989.8
570194,128.3,405.0,3.16,2105.7
570195,421.7,1219.4,2.89,307.2
570196,1405.8,3771.8,2.68,797.0
570197,77.7,225.3,2.90,8.3
570198,803.8,2372.6,2.95,191.0
570199,394.8,1213.3,3.07,384.8
570200,322.2,859.5,2.67,1677.5
570201,514.7,1309.1,2.54,1012.3
570202,125.8,349.3,2.78,0.0
570203,265.3,754.1,2.84,19.3
570204,490.8,1420.1,2.89,290.0
570205,322.3,997.9,3.10,10.8
570206,21.8,61.1,2.80,0.3
570207,1007.8,2764.7,2.74,187.5
570208,880.7,2661.8,3.02,107.2
570209,1233.5,3416.0,2.77,118.7
570210,612.7,1811.2,2.96,1.3
570211,237.3,733.3,3.09,46.3
570212,26.2,84.4,3.22,168.0
570213,231.0,664.5,2.88,112.8
570214,333.8,810.7,2.43,726.8
570215,0.0,0.0,0.00,5214.0
570216,0.0,0.0,0.00,7720.7
570217,1107.0,3310.7,2.99,142.3
570218,499.8,1540.7,3.08,535.3
570219,828.0,2036.1,2.46,1100.5
570220,733.0,1710.3,2.33,1638.0
570221,825.8,1958.8,2.37,443.7
570222,739.7,1997.2,2.70,167.2
570223,109.0,281.6,2.58,1.5
570224,520.7,1376.7,2.64,13.3
570225,514.3,1324.5,2.58,13.0
570226,323.5,920.8,2.85,51.7
570227,460.5,1181.0,2.56,1002.3
570228,320.3,818.0,2.55,286.3
570229,501.8,1131.5,2.25,629.2
570230,445.7,987.3,2.22,8.8
570231,612.2,1429.5,2.34,5.2
570232,27.0,83.2,3.08,5.2
570233,52.3,161.1,3.08,11.8
570234,106.8,310.6,2.91,14.7
570235,65.8,196.4,2.98,1.0
570236,91.8,279.3,3.04,2.5
570237,42.7,131.9,3.09,1.0
570238,190.7,568.5,2.98,7.3
570239,7.0,22.8,3.26,1.3
570240,66.7,201.4,3.02,0.7
570241,93.2,285.2,3.06,22.5
570242,55.2,164.8,2.99,2.7
570243,136.7,406.8,2.98,62.3
570244,32.8,89.7,2.73,276.0
570245,33.7,79.9,2.37,309.2
570246,237.3,669.4,2.82,480.3
570247,82.8,179.0,2.16,842.0
570248,43.5,113.3,2.61,197.7
570249,81.5,205.0,2.52,700.3
570250,49.8,142.8,2.87,1.7
570251,91.7,300.6,3.28,5.8
570252,104.7,343.2,3.28,0.8
570253,22.8,68.5,3.00,0.5
570254,139.8,438.8,3.14,5.8
570255,77.2,226.7,2.94,75.2
570256,233.0,792.7,3.40,105.5
570257,208.0,640.5,3.08,15.0
570258,288.0,967.4,3.36,49.2
570259,56.3,184.6,3.28,58.3
570260,13.2,38.9,2.95,3101.7
570261,28.7,84.1,2.93,1300.0
570262,10.3,27.3,2.64,665.5
570263,1.2,3.5,2.98,594.3
570264,7.0,14.1,2.01,4348.2
570265,139.5,435.6,3.12,0.0
570266,58.3,170.6,2.92,1.2
570267,329.7,1035.6,3.14,1.8
570268,489.3,1588.5,3.25,90.2
570269,241.7,750.7,3.11,0.0
570270,454.0,1442.6,3.18,32.3
570271,351.3,1061.2,3.02,148.7
570272,455.0,1575.1,3.46,25.8
570273,219.2,744.2,3.40,185.7
570274,292.7,987.8,3.38,9.3
570275,411.0,1360.2,3.31,89.3
570276,1133.0,3690.4,3.26,340.2
570277,257.5,742.1,2.88,5.0
570278,485.8,1462.6,3.01,294.7
570279,1045.5,2564.7,2.45,43.3
570280,1099.5,3681.9,3.35,511.8
570281,833.5,1883.2,2.26,131.0
570282,509.8,1443.6,2.83,1356.2
570283,389.5,1116.5,2.87,89.0
570284,456.0,1233.5,2.70,416.2
570285,775.7,1961.0,2.53,151.7
570286,1247.2,3830.3,3.07,55.7
570287,312.0,959.8,3.08,348.3
570288,817.2,2544.5,3.11,89.0
570289,719.3,2364.8,3.29,0.0
570290,464.5,1541.4,3.32,278.3
570291,464.3,1402.1,3.02,200.8
570292,489.0,1375.6,2.81,527.0
570293,591.2,1653.9,2.80,0.0
570294,521.3,1226.7,2.35,401.7
570295,357.7,770.2,2.15,237.3
570296,668.2,1781.9,2.67,114.8
570297,266.5,647.3,2.43,1717.5
570298,413.5,1242.2,3.00,321.0
570299,585.5,1737.4,2.97,7.7
570300,524.0,1435.8,2.74,0.7
570301,366.5,916.9,2.50,204.0
570302,362.0,971.2,2.68,921.5
570303,46.2,108.2,2.34,1179.2
570304,8.8,19.2,2.17,329.8
570305,275.0,685.2,2.49,248.7
570306,97.5,242.1,2.48,2940.2
570307,318.0,860.0,2.70,1574.5
570308,394.5,1101.9,2.79,231.7
570309,383.0,969.1,2.53,254.3
570310,294.7,871.3,2.96,15.2
570311,405.0,944.2,2.33,198.0
570312,928.0,2029.5,2.19,658.7
570313,2.0,6.0,2.98,164.7
570314,10.3,31.3,3.03,211.5
570315,420.0,1161.2,2.76,2542.3
570316,7.3,21.7,2.96,93.7
570317,3.7,9.8,2.66,232.0
570318,4.5,12.2,2.72,314.0
570319,190.2,436.0,2.29,324.0
570320,37.0,82.7,2.24,75.0
570321,13.3,34.6,2.59,334.0
570322,189.5,311.9,1.65,1154.8
570323,43.5,71.6,1.65,25.8
570324,99.2,233.8,2.36,69.3
570325,0.8,2.0,2.38,25.8
570326,1.7,5.5,3.28,755.7
570327,69.8,126.7,1.81,1079.8
570328,39.8,127.7,3.21,519.5
570329,175.3,289.9,1.65,883.5
570330,1.0,3.0,2.98,857.3
570331,0.0,0.0,0.00,2361.5
570332,313.3,572.3,1.83,1452.2
570333,103.2,282.8,2.74,125.0
570334,30.3,65.0,2.14,633.0
570335,65.3,177.4,2.71,830.8
570336,139.5,335.2,2.40,409.5
570337,309.7,664.8,2.15,299.3
570338,298.2,749.7,2.51,38.7
570339,700.5,1715.1,2.45,70.7
570340,398.8,910.2,2.28,370.5
570341,163.2,441.4,2.71,421.5
570342,547.7,1538.1,2.81,174.5
570343,764.2,1859.4,2.43,23.0
570344,463.7,1232.0,2.66,183.2
570345,3.0,6.9,2.32,266.5
570346,571.0,1301.8,2.28,510.7
570347,296.5,685.6,2.31,0.0
570348,424.2,1063.9,2.51,90.2
570349,176.8,425.4,2.41,3.7
570350,23.7,66.7,2.82,1081.2
570351,347.2,1101.8,3.17,212.5
570352,75.3,207.2,2.75,718.0
570353,139.7,368.8,2.64,293.0
570354,589.7,1552.0,2.63,320.0
570355,613.8,1615.3,2.63,74.5
570356,423.3,1422.2,3.36,15.8
570357,447.3,1299.8,2.91,63.5
570358,374.3,1035.2,2.77,345.0
570359,431.2,1105.7,2.56,198.0
570360,221.5,560.1,2.53,81.8
570361,621.3,1615.8,2.60,250.0
570362,251.0,656.4,2.61,0.0
570363,61.0,153.9,2.52,446.7
570364,43.3,84.4,1.95,5375.8
570365,167.3,444.2,2.65,381.2
570366,221.3,660.2,2.98,233.7
570367,0.0,0.0,0.00,424.0
570368,145.7,465.9,3.20,661.0
570369,180.8,525.0,2.90,556.2
570370,428.5,1261.1,2.94,2.2
570371,505.3,1479.3,2.93,36.8
570372,258.8,773.8,2.99,116.2
570373,865.8,2228.5,2.57,467.7
570374,551.8,1212.3,2.20,46.5
570375,135.3,336.4,2.49,12.8
570376,437.8,1132.4,2.59,349.2
570377,251.8,729.8,2.90,1804.2
570378,247.7,665.9,2.69,70.3
570379,156.0,419.8,2.69,330.5
570380,459.8,1291.0,2.81,22.3
570381,202.5,482.3,2.38,146.8
570382,604.8,1522.2,2.52,6411.8
570383,319.2,860.4,2.70,2818.2
570384,194.0,482.6,2.49,364.0
570385,313.8,817.2,2.60,8.3
570386,1136.0,3221.4,2.84,90.2
570387,643.3,1667.4,2.59,149.0
570388,361.5,920.9,2.55,1488.8
570389,197.0,455.7,2.31,621.2
570390,185.5,549.6,2.96,76.8
570391,1.0,3.0,2.98,190.0
570392,455.2,1237.3,2.72,73.2
570393,608.7,1591.5,2.61,99.7
570394,619.3,1576.1,2.54,321.2
570395,466.0,1240.4,2.66,309.2
570396,596.3,1581.2,2.65,99.2
570397,283.0,614.7,2.17,1483.8
570398,200.2,509.4,2.55,344.2
570399,1.0,4.0,3.97,0.0
570400,14.2,37.6,2.65,2594.0
570401,722.5,1799.1,2.49,836.2
570402,0.0,0.0,0.00,0.0
570403,322.2,709.5,2.20,1639.8
570404,224.2,610.9,2.73,182.2
570405,831.8,2171.9,2.61,202.0
570406,447.8,1178.5,2.63,17.0
570407,452.7,1110.0,2.45,146.0
570408,254.8,513.6,2.02,643.5
570409,372.5,1037.4,2.78,67.2
570410,14.3,39.0,2.72,2082.3
570411,395.2,910.3,2.30,1155.0
570412,1041.5,2487.9,2.39,869.3
570413,968.7,2274.2,2.35,2351.8
570414,415.3,1200.4,2.89,390.3
570415,944.0,2566.7,2.72,815.2
570416,187.3,482.5,2.58,1649.8
570417,1636.3,4565.9,2.79,866.0
570418,1236.7,2995.4,2.42,705.8
570419,419.3,1290.4,3.08,133.7
570420,285.5,827.4,2.90,117.7
570421,0.0,0.0,0.00,0.0
570422,0.0,0.0,0.00,0.0
570423,0.0,0.0,0.00,0.0
110424,70.0,237.0,3.39,2.0
110425,61.7,177.3,2.88,0.0
110426,626.3,2115.6,3.38,117.5
110427,1142.7,3925.7,3.44,65.3
110428,121.7,396.4,3.26,1.2
110429,309.8,978.4,3.16,22.8
110430,378.7,1285.3,3.39,5.0
110431,258.7,885.4,3.42,3.2
110432,320.2,1052.9,3.29,34.0
110433,343.5,1199.7,3.49,1.7
110434,841.0,2809.6,3.34,427.5
110435,886.2,2969.1,3.35,269.3
110436,258.0,835.6,3.24,32.0
110437,68.0,211.9,3.12,5.5
110438,269.3,844.6,3.14,3.2
110439,98.0,300.6,3.07,1378.3
110440,372.8,1162.5,3.12,129.7
110441,393.5,1234.9,3.14,59.2
110442,183.5,547.5,2.98,1577.7
110443,51.5,162.8,3.16,82.2
110444,318.5,990.5,3.11,0.3
110445,458.0,1442.4,3.15,54.0
110446,579.8,1774.4,3.06,339.0
110447,316.7,974.3,3.08,5.5
110448,434.3,1264.1,2.91,741.2
110449,613.7,1836.1,2.99,194.0
110450,588.8,1623.6,2.76,4.7
110451,502.2,1518.8,3.02,1.7
110452,526.2,1468.9,2.79,272.2
110453,441.8,1310.0,2.96,237.2
110454,459.8,1532.4,3.33,343.3
110455,510.8,1433.1,2.81,167.5
110456,223.7,720.4,3.22,55.8
110457,378.5,1189.6,3.14,226.2
110458,546.8,1824.4,3.34,207.2
110459,396.0,1181.3,2.98,201.8
110460,487.3,1397.7,2.87,41.2
110461,366.0,1124.9,3.07,87.2
110462,683.0,2249.2,3.29,855.5
110463,334.8,1039.0,3.10,30.0
110464,582.8,1765.6,3.03,359.5
110465,936.8,2949.3,3.15,43.0
110466,150.3,412.3,2.74,300.7
110467,1572.8,5132.7,3.26,471.8
110468,130.0,292.6,2.25,9829.8
110469,515.5,1487.8,2.89,513.8
110470,270.7,658.1,2.43,332.7
110471,753.0,2097.5,2.79,3098.3
110472,1054.2,2546.5,2.42,1105.8
110473,562.2,1473.3,2.62,1687.5
110474,0.0,0.0,0.00,63.7
110475,0.0,0.0,0.00,585.0
110476,0.0,0.0,0.00,17.2
110477,0.0,0.0,0.00,89.8
110478,0.0,0.0,0.00,0.2
110479,231.8,535.4,2.31,198.3
110480,0.0,0.0,0.00,21282.0
110481,464.3,1463.5,3.15,103.3
110482,574.3,1886.1,3.28,64.5
110483,522.5,1577.8,3.02,585.0
110484,394.0,1278.8,3.25,386.8
110485,8.0,26.4,3.30,22.0
110486,0.0,0.0,0.00,3.2
110487,771.5,2460.6,3.19,70.2
110488,926.7,2952.1,3.19,159.0
110489,52.8,172.2,3.26,19.3
110490,886.2,3018.8,3.41,603.3
110491,452.0,1432.1,3.17,26.8
110492,656.2,2222.8,3.39,319.0
110493,635.8,2165.1,3.41,446.0
110494,737.2,2511.0,3.41,93.5
110495,514.8,1853.3,3.60,236.0
110496,699.5,2455.7,3.51,518.8
110497,983.2,3443.1,3.50,1567.7
110498,743.0,2609.1,3.51,141.8
110499,1343.7,4749.4,3.53,490.7
110500,452.2,1682.6,3.72,69.3
110501,292.2,1013.6,3.47,26.2
110502,614.0,2207.1,3.59,167.8
110503,306.5,1055.7,3.44,152.0
110504,1488.7,4262.1,2.86,459.8
110505,1271.0,3070.5,2.42,4006.8
110506,2.3,7.3,3.15,2.0
110507,408.2,1375.5,3.37,2.8
110508,203.7,734.3,3.61,228.3
110509,331.0,1142.5,3.45,9.3
110510,283.0,942.7,3.33,778.8
110511,544.0,2004.8,3.69,18.5
110512,401.0,1187.1,2.96,3771.5
110513,832.7,2117.2,2.54,3226.2
110514,411.7,1326.6,3.22,115.0
110515,1013.8,3057.4,3.02,319.3
110516,888.3,3333.3,3.75,118.5
110517,508.2,1819.2,3.58,29.3
110518,24.7,84.1,3.41,1575.5
110519,438.5,1627.3,3.71,22.8
110520,404.2,1581.4,3.91,651.0
110521,272.2,1070.7,3.93,17.5
110522,352.8,1232.4,3.49,261.0
110523,669.3,2609.1,3.90,218.8
110524,820.8,2041.7,2.49,1102.5
110525,1483.7,3710.8,2.50,467.3
110526,1205.7,3012.5,2.50,4456.8
110527,838.2,2039.1,2.43,8835.2
110528,1332.5,3550.0,2.66,757.0
110529,426.0,1345.5,3.16,895.7
110530,1740.0,5183.5,2.98,808.0
110531,143.5,437.5,3.05,20.7
110532,717.8,2356.8,3.28,93.7
110533,907.5,2801.6,3.09,60.8
110534,974.3,2915.7,2.99,119.0
110535,1414.7,4426.9,3.13,913.7
110536,275.5,865.1,3.14,23.0
110537,393.5,1195.8,3.04,23.0
110538,586.3,1520.5,2.59,261.2
110539,274.2,777.4,2.84,1139.8
110540,151.5,400.9,2.65,257.0
110541,1422.5,3995.9,2.81,546.2
110542,1397.7,4177.7,2.99,706.7
110543,1473.7,4606.8,3.13,398.5
110544,1023.3,3184.5,3.11,337.2
110545,804.3,2351.0,2.92,2395.5
110546,1073.3,3304.1,3.08,143.3
110547,536.2,1633.8,3.05,3.5
110548,630.2,1753.4,2.78,377.2
110549,589.3,1657.7,2.81,707.7
110550,520.2,1673.0,3.22,154.8
110551,383.2,1285.0,3.35,1688.2
110552,550.2,1749.4,3.18,507.2
110553,917.2,3028.5,3.30,133.8
110554,826.5,2756.3,3.33,149.0
110555,1056.0,3913.4,3.71,164.8
110556,496.5,1521.9,3.07,558.2
110557,877.0,2544.5,2.90,82.2
110558,670.7,2175.7,3.24,420.5
110559,477.0,1517.2,3.18,88.5
110560,50.5,170.1,3.37,289.8
110561,289.7,958.7,3.31,20.5
110562,8.7,30.2,3.48,4474.3
110563,961.8,3247.2,3.38,119.7
110564,359.7,1105.7,3.07,15.3
110565,0.0,0.0,0.00,2919.3
110566,328.7,1078.7,3.28,79.2
110567,397.2,1325.7,3.34,44.3
110568,201.0,657.0,3.27,785.0
110569,3.0,12.2,4.06,0.0
110570,319.2,929.3,2.91,2690.7
110571,211.7,628.8,2.97,1489.8
110572,220.5,682.6,3.10,198.0
110573,407.5,1299.4,3.19,5.7
110574,361.3,1212.9,3.36,0.5
110575,6.0,26.6,4.43,3.7
110576,24.8,85.5,3.44,19.3
110577,13.2,39.4,2.99,210.0
110578,576.2,1986.5,3.45,1.3
110579,431.7,1436.4,3.33,119.3
110580,376.2,1294.7,3.44,11.5
110581,438.0,1389.6,3.17,18.5
110582,416.3,1321.6,3.17,68.8
110583,509.3,1586.7,3.12,116.8
110584,36.0,111.2,3.09,0.5
110585,258.5,726.5,2.81,1320.3
110586,0.0,0.0,0.00,618.8
110587,6.0,17.0,2.84,4.7
110588,592.8,1872.2,3.16,25.7
110589,248.5,743.5,2.99,1119.0
110590,561.3,1569.5,2.80,893.2
110591,272.5,752.4,2.76,0.0
110592,128.7,372.2,2.89,1834.3
110593,558.5,1636.4,2.93,1481.3
110594,289.7,716.2,2.47,291.2
110595,240.3,594.3,2.47,109.0
110596,372.8,942.6,2.53,26.2
110597,273.7,659.3,2.41,207.0
110598,828.0,2574.1,3.11,154.2
110599,4.3,13.3,3.06,60.0
110600,96.7,296.8,3.07,99.7
110601,339.2,988.3,2.91,35.8
110602,497.2,1560.0,3.14,155.7
110603,69.2,185.8,2.69,370.5
110604,171.7,429.0,2.50,416.8
110605,771.2,1934.2,2.51,665.0
110606,622.7,1659.5,2.67,1240.8
110607,606.8,1689.4,2.78,506.5
110608,0.0,0.0,0.00,2704.5
110609,689.8,1642.3,2.38,780.2
110610,341.5,887.0,2.60,1533.0
110611,577.8,1433.6,2.48,2099.7
110612,732.3,2070.3,2.83,4.5
110613,391.0,1237.8,3.17,0.3
110614,384.2,1124.1,2.93,6437.2
110615,558.7,1698.0,3.04,114.3
110616,438.2,1431.6,3.27,37.7
110617,0.0,0.0,0.00,2.5
110618,1362.3,3964.2,2.91,584.2
110619,302.5,1023.5,3.38,302.5
110620,1.0,1.9,1.87,921.3
110621,831.2,2759.6,3.32,470.5
110622,352.8,1108.5,3.14,180.5
110623,294.8,846.0,2.87,652.8
110624,344.7,1005.7,2.92,332.8
110625,287.2,887.9,3.09,137.3
110626,381.3,934.4,2.45,3746.0
110627,1065.0,2661.2,2.50,2340.5
110628,536.3,1426.9,2.66,463.3
110629,529.3,1403.5,2.65,153.5
110630,772.8,2117.0,2.74,353.7
110631,637.5,1860.0,2.92,126.3
110632,870.8,2325.3,2.67,1414.0
110633,531.7,1718.1,3.23,152.7
110634,560.7,1608.1,2.87,1267.0
110635,510.7,1432.1,2.80,66.8
110636,971.3,2973.0,3.06,0.0
110637,734.3,2171.1,2.96,143.2
110638,347.3,1093.0,3.15,99.2
110639,436.8,1412.5,3.23,8.2
110640,0.0,0.0,0.00,4.0
110641,1659.0,4491.5,2.71,4671.5
110642,56.5,160.6,2.84,454.0
110643,0.0,0.0,0.00,5587.8
110644,139.0,315.9,2.27,2555.0
110645,0.0,0.0,0.00,758.7
110646,0.0,0.0,0.00,93.2
110647,973.3,2537.7,2.61,1400.5
110648,408.0,1172.7,2.87,271.2
110649,482.5,1392.7,2.89,109.7
110650,1491.0,4685.0,3.14,293.8
110651,459.7,1440.2,3.13,41.2
110652,1066.8,2983.7,2.80,23.2
110653,1511.2,4612.2,3.05,716.0
110654,690.2,2330.7,3.38,39.7
350655,0.0,0.0,0.00,0.0
350656,0.0,0.0,0.00,0.0
350657,0.0,0.0,0.00,0.0
350658,0.0,0.0,0.00,0.0
350659,0.0,0.0,0.00,84.3
350660,0.0,0.0,0.00,273.8
350661,0.0,0.0,0.00,0.0
350662,0.0,0.0,0.00,718.0
350663,0.0,0.0,0.00,254.0
350664,0.0,0.0,0.00,5.0
350665,0.0,0.0,0.00,8.2
350666,0.0,0.0,0.00,53.5
350667,0.0,0.0,0.00,15.3
350668,0.0,0.0,0.00,4733.0
350669,0.0,0.0,0.00,12555.3
350670,0.0,0.0,0.00,0.0
350671,0.0,0.0,0.00,0.0
350672,0.0,0.0,0.00,0.2
350673,0.0,0.0,0.00,0.0
350674,0.0,0.0,0.00,0.0
350675,0.0,0.0,0.00,7.5
350676,0.0,0.0,0.00,12.2
350677,0.0,0.0,0.00,17.3
350678,0.0,0.0,0.00,607.3
350679,0.0,0.0,0.00,0.0
350680,0.0,0.0,0.00,91.2
350681,1.0,1.0,1.00,88.2
350682,0.0,0.0,0.00,0.0
350683,1.0,3.9,3.87,139.3
350684,9.0,13.6,1.51,83.2
350685,1.0,1.9,1.94,282.3
350686,0.0,0.0,0.00,18.8
350687,0.0,0.0,0.00,228.0
350688,0.0,0.0,0.00,0.0
350689,0.0,0.0,0.00,0.0
350690,0.0,0.0,0.00,0.0
350691,6.0,13.1,2.19,56.0
350692,0.0,0.0,0.00,0.0
350693,0.0,0.0,0.00,0.0
350694,0.0,0.0,0.00,0.0
350695,398.0,1061.9,2.67,197.2
350696,1337.0,3739.0,2.80,711.8
350697,895.2,2626.5,2.93,38.5
350698,735.0,2457.1,3.34,234.0
350699,285.0,896.2,3.14,5.8
350700,6.3,16.8,2.65,2.8
350701,390.0,1278.0,3.28,0.0
350702,253.7,826.7,3.26,237.3
350703,593.2,2078.2,3.50,0.0
350704,750.0,2213.9,2.95,710.0
350705,962.7,3228.8,3.35,139.2
350706,62.5,189.9,3.04,785.8
350707,431.8,1404.2,3.25,0.0
350708,97.0,280.4,2.89,0.0
350709,493.7,1818.4,3.68,130.5
350710,389.2,1411.8,3.63,0.0
350711,962.8,3300.7,3.43,36.3
350712,684.8,2704.8,3.95,156.5
350713,0.0,0.0,0.00,0.0
350714,0.0,0.0,0.00,0.0
350715,7.2,21.3,2.97,7.8
350716,2.0,6.8,3.39,0.3
350717,210.0,680.6,3.24,1714.0
350718,550.5,2097.9,3.81,154.2
350719,439.3,1672.1,3.81,198.5
350720,324.5,1118.7,3.45,0.0
350721,458.8,1778.2,3.88,0.2
350722,42.3,127.0,3.00,62.2
350723,659.2,2371.6,3.60,316.2
350724,516.8,1814.2,3.51,0.0
350725,525.5,1851.3,3.52,0.3
350726,981.3,3556.3,3.62,300.2
350727,766.7,3069.0,4.00,94.0
350728,0.0,0.0,0.00,0.0
350729,0.0,0.0,0.00,4.5
350730,204.2,860.2,4.21,46.7
350731,1.0,1.9,1.94,0.0
350732,703.5,2619.3,3.72,3.3
350733,0.0,0.0,0.00,732.7
350734,0.0,0.0,0.00,1206.3
350735,0.0,0.0,0.00,759.3
350736,0.0,0.0,0.00,4.0
350737,111.0,333.2,3.00,217.5
350738,225.8,786.3,3.48,2.2
350739,0.0,0.0,0.00,716.2
350740,0.0,0.0,0.00,805.0
350741,0.0,0.0,0.00,2519.0
350742,0.0,0.0,0.00,11410.3
350743,0.0,0.0,0.00,0.0
350744,0.0,0.0,0.00,0.0
350745,8.0,22.3,2.78,2903.5
350746,0.0,0.0,0.00,8095.3
350747,0.0,0.0,0.00,296.3
350748,1989.5,7411.3,3.73,383.5
350749,153.5,271.7,1.77,9.8
350750,392.8,1457.6,3.71,324.3
350751,58.3,194.0,3.33,72.2
350752,649.7,1820.0,2.80,222.0
350753,428.8,1418.6,3.31,41.7
350754,781.3,2249.9,2.88,116.8
350755,1399.2,3885.7,2.78,408.5
350756,537.5,1922.3,3.58,38.8
350757,1009.8,3142.7,3.11,2372.3
350758,39.7,137.3,3.46,688.2
350759,253.7,606.3,2.39,2123.5
350760,512.2,1603.3,3.13,14.0
350761,918.0,2894.4,3.15,108.8
350762,8.2,23.9,2.92,52.2
350763,107.3,338.7,3.16,77.8
350764,164.3,468.0,2.85,366.2
350765,128.3,340.6,2.65,1081.3
350766,86.5,261.9,3.03,1123.8
350767,97.7,298.4,3.05,325.3
350768,41.3,123.9,3.00,214.5
350769,85.8,225.6,2.63,190.3
350770,0.0,0.0,0.00,1683.0
350771,1.0,3.9,3.87,3111.0
350772,0.0,0.0,0.00,654.2
350773,1.0,1.9,1.94,638.5
350774,0.0,0.0,0.00,138.5
350775,4.0,6.8,1.69,0.0
350776,0.0,0.0,0.00,3954.7
350777,1.0,4.8,4.84,954.3
350778,1.0,3.9,3.87,357.5
350779,5.0,7.0,1.40,2414.2
350780,1.0,1.9,1.94,3867.2
350781,1.0,1.9,1.94,1067.8
350782,0.0,0.0,0.00,2964.0
350783,0.0,0.0,0.00,1297.0
350784,1219.5,4035.7,3.31,151.3
350785,1092.2,3178.1,2.91,69.0
350786,555.0,1880.1,3.39,12.0
350787,372.8,1269.1,3.40,142.2
350788,666.7,2088.6,3.13,308.5
350789,669.5,2328.7,3.48,231.2
350790,673.5,2405.1,3.57,142.0
350791,297.0,908.0,3.06,38.3
350792,136.2,397.4,2.92,329.0
350793,0.0,0.0,0.00,434.7
350794,0.0,0.0,0.00,0.0
350795,0.0,0.0,0.00,6176.8
350796,0.0,0.0,0.00,6423.5
350797,0.0,0.0,0.00,7746.8
350798,0.0,0.0,0.00,4608.2
350799,0.0,0.0,0.00,2809.8
350800,1.0,6.8,6.78,5932.2
350801,941.5,3532.1,3.75,518.3
350802,1.0,1.0,1.00,1095.7
350803,0.0,0.0,0.00,391.0
350804,342.0,1290.0,3.77,1012.2
350805,0.0,0.0,0.00,1489.3
350806,18.2,63.7,3.51,3423.0
350807,0.0,0.0,0.00,329.7
350808,1.0,5.8,5.81,64.2
350809,359.5,988.7,2.75,236.5
350810,292.3,898.2,3.07,393.0
350811,57.3,159.1,2.78,981.2
350812,9.8,30.0,3.05,5557.0
350813,1.0,1.0,1.00,4680.5
350814,1.8,9.0,4.93,3650.7
350815,0.0,0.0,0.00,7173.2
350816,0.0,0.0,0.00,3056.8
350817,1047.7,2970.3,2.84,1604.3
350818,286.7,1020.3,3.56,0.0
350819,665.2,2567.8,3.86,3438.8
350820,237.3,742.4,3.13,0.0
350821,345.8,1173.1,3.39,5244.8
350822,1.0,1.0,1.00,3223.0
350823,0.0,0.0,0.00,1102.7
350824,0.0,0.0,0.00,369.0
350825,1260.2,4141.8,3.29,279.2
350826,513.8,1619.9,3.15,514.7
350827,565.8,1856.7,3.28,3.2
350828,167.5,445.2,2.66,112.2
350829,760.2,2305.9,3.03,695.5
350830,552.8,1563.9,2.83,716.7
350831,404.7,1359.8,3.36,56.0
350832,0.0,0.0,0.00,8417.7
350833,124.8,384.5,3.08,1406.5
350834,175.8,599.8,3.41,930.5
350835,567.5,1485.6,2.62,2800.0
350836,0.0,0.0,0.00,1569.7
350837,505.8,1386.8,2.74,1457.2
350838,812.5,2409.7,2.97,4768.7
350839,367.2,982.2,2.68,127.7
350840,33.2,97.5,2.94,89.3
350841,625.5,1538.3,2.46,352.7
350842,0.0,0.0,0.00,1961.0
350843,0.0,0.0,0.00,1733.8
350844,0.0,0.0,0.00,608.8
350845,272.7,558.3,2.05,1893.0
350846,0.0,0.0,0.00,340.8
350847,284.7,1102.3,3.87,567.2
350848,491.0,1851.0,3.77,225.8
350849,358.3,1172.8,3.27,718.0
350850,714.0,2184.6,3.06,633.7
350851,1034.8,3317.7,3.21,108.0
350852,1591.0,5328.6,3.35,1701.3
350853,684.2,2049.7,3.00,301.3
350854,364.0,1039.8,2.86,220.7
350855,439.8,1342.4,3.05,658.5
350856,220.0,764.2,3.47,269.2
350857,586.8,2162.1,3.68,67.2
350858,502.0,1764.2,3.51,64.8
350859,225.8,760.5,3.37,9.3
350860,90.7,323.4,3.57,266.7
350861,669.0,1908.1,2.85,420.5
350862,248.3,790.5,3.18,15.0
350863,413.0,1402.7,3.40,70.5
350864,680.8,1789.5,2.63,1682.0
350865,333.3,925.9,2.78,175.2
350866,297.5,831.6,2.80,2463.8
350867,390.2,1309.3,3.36,63.3
350868,319.5,969.0,3.03,61.0
350869,542.2,1392.6,2.57,49.7
350870,500.5,1321.7,2.64,891.7
350871,109.8,358.6,3.26,6.7
350872,1404.0,3235.5,2.30,417.2
350873,1877.8,5163.5,2.75,1025.0
350874,1549.5,3829.7,2.47,0.3
350875,865.5,1691.7,1.95,4247.2
350876,391.3,1045.5,2.67,2433.8
350877,655.0,1523.8,2.33,1459.7
350878,330.7,1328.1,4.02,545.7
350879,367.8,1418.4,3.86,53.5
350880,473.8,1772.8,3.74,110.8
350881,352.3,1467.1,4.16,84.3
350882,927.0,3454.5,3.73,79.3
350883,518.8,1610.3,3.10,2.8
350884,416.3,1491.0,3.58,175.5
350885,404.2,1271.9,3.15,276.7
350886,746.5,2167.0,2.90,370.0
350887,868.3,2664.5,3.07,499.2
350888,360.0,1236.5,3.43,1063.5
350889,520.5,1654.5,3.18,124.0
350890,522.0,1739.2,3.33,27.3
350891,527.3,1672.6,3.17,117.8
350892,676.8,1674.7,2.47,532.2
350893,333.8,792.8,2.37,3397.0
350894,272.3,732.3,2.69,0.0
350895,370.5,915.4,2.47,437.0
350896,304.0,876.9,2.88,0.0
350897,179.5,504.7,2.81,1861.3
350898,1226.0,3335.3,2.72,562.7
350899,1830.2,3862.9,2.11,5950.2
350900,523.5,1221.5,2.33,67.5
350901,2840.5,6481.4,2.28,550.0
350902,0.0,0.0,0.00,1296.0
350903,12.0,36.8,3.07,1054.8
350904,340.3,848.0,2.49,252.0
350905,30.3,78.3,2.58,3438.5
350906,9.7,29.0,3.00,3.5
350907,211.2,772.9,3.66,1203.2
350908,830.7,3302.7,3.98,13.2
350909,579.5,2150.8,3.71,113.7
350910,446.0,1297.5,2.91,404.0
350911,917.2,2849.2,3.11,163.7
350912,1633.0,5101.2,3.12,577.7
350913,257.5,879.8,3.42,542.0
350914,201.3,596.2,2.96,11.0
350915,449.3,1408.4,3.13,76.7
350916,674.8,2291.5,3.40,222.8
350917,311.7,1061.5,3.41,29.7
350918,275.2,800.9,2.91,29.5
350919,290.0,808.8,2.79,210.0
350920,506.3,1446.5,2.86,123.7
350921,434.0,1254.8,2.89,114.2
350922,1120.2,2849.2,2.54,1347.5
350923,908.3,2572.8,2.83,263.8
350924,3.0,7.1,2.37,2043.3
350925,518.0,1117.8,2.16,397.2
350926,768.0,2316.4,3.02,16.2
350927,791.2,1610.3,2.04,1425.3
350928,239.0,653.4,2.73,0.2
350929,1226.5,3076.4,2.51,292.0
350930,443.5,1407.6,3.17,0.0
350931,565.3,1828.8,3.23,209.0
350932,752.3,2114.9,2.81,3809.5
350933,1490.5,5563.6,3.73,708.5
350934,1124.3,4295.4,3.82,77.8
350935,1204.8,4172.1,3.46,1805.0
350936,843.5,2512.3,2.98,407.8
350937,1149.5,4082.7,3.55,76.7
350938,842.7,2925.2,3.47,406.7
350939,983.7,3187.8,3.24,382.7
350940,1050.5,3094.2,2.95,271.7
350941,601.2,1711.6,2.85,112.8
350942,127.7,343.5,2.69,295.7
350943,316.0,973.2,3.08,374.0
350944,849.3,1853.8,2.18,11.7
350945,149.0,394.5,2.65,817.8
350946,542.7,1475.0,2.72,117.2
350947,0.0,0.0,0.00,465.7
350948,393.0,977.2,2.49,285.8
350949,293.2,490.5,1.67,3016.0
350950,63.8,176.5,2.77,1512.3
350951,61.0,162.8,2.67,0.0
350952,0.0,0.0,0.00,1375.0
350953,0.0,0.0,0.00,2557.0
350954,0.0,0.0,0.00,975.0
350955,112.7,206.9,1.84,1052.5
350956,171.0,349.5,2.04,531.3
350957,346.2,677.7,1.96,382.3
350958,258.3,679.4,2.63,1034.5
350959,341.3,710.8,2.08,530.2
350960,190.8,394.4,2.07,901.5
350961,91.2,229.5,2.52,1216.8
350962,0.0,0.0,0.00,0.0
350963,309.7,600.6,1.94,175.0
350964,168.5,407.0,2.42,659.8
350965,18.3,50.2,2.74,158.8
350966,0.0,0.0,0.00,4381.0
350967,1554.2,2618.8,1.69,458.0
350968,356.5,1021.9,2.87,2760.7
350969,144.8,382.0,2.64,6780.7
350970,161.0,331.9,2.06,2035.2
350971,45.0,134.1,2.98,1822.2
350972,27.8,71.8,2.58,1259.2
350973,97.2,226.2,2.33,1601.3
350974,311.8,647.2,2.08,5490.7
350975,14.7,44.1,3.00,3477.0
350976,56.2,133.9,2.38,1611.8
350977,74.5,201.7,2.71,2434.3
350978,89.0,212.4,2.39,3906.7
350979,117.3,236.4,2.01,3619.7
350980,81.2,221.2,2.73,33.7
350981,0.0,0.0,0.00,754.0
350982,0.0,0.0,0.00,928.0
350983,6.7,19.8,2.98,566.5
350984,305.3,768.1,2.52,269.0
350985,192.7,292.7,1.52,1701.0
350986,328.8,650.3,1.98,1155.2
350987,181.3,380.7,2.10,1113.0
350988,125.0,187.6,1.50,238.0
350989,185.7,325.3,1.75,513.7
350990,67.5,118.9,1.76,606.0
350991,94.2,144.2,1.53,889.5
350992,253.8,648.7,2.56,1604.8
350993,0.0,0.0,0.00,385.8
350994,27.3,71.8,2.63,332.5
350995,36.8,103.0,2.80,337.5
350996,9.8,28.4,2.89,761.0
350997,0.0,0.0,0.00,558.2
350998,49.2,143.8,2.92,55.2
350999,37.7,104.4,2.77,392.7
351000,11.3,34.0,3.00,390.7
351001,28.5,84.7,2.97,516.3
351002,0.7,1.9,2.90,983.0
351003,18.3,49.2,2.68,212.0
351004,31.5,82.3,2.61,43.0
351005,21.5,44.1,2.05,336.5
351006,84.2,206.2,2.45,208.5
351007,50.0,139.4,2.79,66.2
351008,70.0,193.5,2.76,71.8
351009,99.8,271.9,2.72,460.7
351010,130.2,343.9,2.64,178.0
351011,155.3,392.4,2.53,339.3
351012,162.0,366.3,2.26,231.3
351013,60.0,159.0,2.65,1083.5
351014,19.3,54.9,2.84,425.8
351015,0.0,0.0,0.00,666.0
351016,18.7,47.6,2.55,352.5
351017,15.2,37.4,2.46,552.0
351018,323.8,453.8,1.40,1181.8
351019,226.0,399.7,1.77,410.0
351020,35.8,99.7,2.78,325.2
351021,413.5,710.6,1.72,94.7
351022,85.8,190.6,2.22,2.5
351023,140.2,240.4,1.72,481.3
351024,206.8,444.2,2.15,207.0
351025,456.0,1138.6,2.50,57.0
351026,44.0,110.1,2.50,427.2
351027,7.2,22.1,3.08,2009.5
351028,131.8,322.6,2.45,798.5
351029,0.0,0.0,0.00,189.0
351030,255.8,674.3,2.64,53.2
351031,284.2,607.4,2.14,0.0
351032,725.7,1874.4,2.58,212.0
351033,166.5,449.7,2.70,0.0
351034,386.2,966.6,2.50,127.5
351035,13.2,31.3,2.38,891.3
351036,177.2,436.7,2.46,255.3
351037,65.2,179.0,2.75,287.5
351038,201.5,540.1,2.68,606.5
351039,464.0,895.1,1.93,237.2
351040,397.3,767.8,1.93,306.7
351041,506.5,911.7,1.80,110.3
351042,0.0,0.0,0.00,1224.5
351043,1164.8,2221.8,1.91,709.3
351044,422.8,804.1,1.90,206.2
351045,147.2,323.4,2.20,308.0
351046,281.0,588.5,2.09,47.5
351047,263.3,579.0,2.20,180.5
351048,144.3,294.8,2.04,3239.2
351049,254.7,503.1,1.98,0.0
351050,289.2,600.0,2.07,0.0
351051,667.8,1128.8,1.69,0.0
351052,516.2,970.3,1.88,204.0
351053,573.3,980.9,1.71,910.3
351054,570.7,1028.5,1.80,23.3
351055,47.0,114.7,2.44,24.8
351056,392.0,1006.0,2.57,310.0
351057,695.8,1305.4,1.88,1043.3
351058,462.3,883.0,1.91,143.7
351059,385.7,806.7,2.09,282.0
351060,130.3,204.8,1.57,1170.2
351061,226.3,361.5,1.60,1357.5
351062,263.7,463.9,1.76,747.2
351063,378.7,677.1,1.79,303.5
351064,273.5,631.9,2.31,646.7
351065,140.8,268.5,1.91,1164.5
351066,394.7,1023.9,2.59,318.5
351067,532.3,1183.9,2.22,921.5
351068,1179.8,2287.4,1.94,646.0
351069,568.3,1016.0,1.79,286.0
351070,502.0,1012.1,2.02,1009.7
351071,409.3,710.0,1.73,1557.7
351072,392.0,730.3,1.86,83.0
351073,504.0,913.8,1.81,24.0
351074,365.2,722.4,1.98,483.7
351075,0.0,0.0,0.00,19773.2
351076,868.7,2242.3,2.58,10731.3
351077,320.2,843.5,2.63,10265.8
351078,131.7,336.8,2.56,429.0
351079,4.7,11.8,2.54,1230.5
351080,149.3,316.0,2.12,205.3
351081,152.2,338.7,2.23,966.3
351082,390.7,809.9,2.07,38.3
351083,255.0,515.1,2.02,18.3
351084,461.2,938.8,2.04,53.5
351085,178.2,406.2,2.28,818.5
351086,514.3,1053.9,2.05,498.3
351087,779.8,1509.7,1.94,639.8
351088,433.0,833.8,1.93,479.7
351089,697.7,1361.1,1.95,14.0
351090,501.7,958.3,1.91,23.0
351091,402.3,829.6,2.06,313.7
351092,457.8,907.4,1.98,373.3
351093,0.0,0.0,0.00,4236.0
351094,618.0,1494.6,2.42,171.5
351095,105.0,266.9,2.54,305.7
351096,164.3,333.7,2.03,199.7
351097,6.0,14.5,2.42,373.2
351098,17.7,33.5,1.90,552.8
351099,251.8,596.7,2.37,57.2
351100,310.7,666.5,2.15,561.0
351101,18.8,52.9,2.81,173.5
351102,168.5,319.0,1.89,743.2
351103,641.8,1536.5,2.39,553.0
351104,656.8,1426.8,2.17,104.3
351105,0.0,0.0,0.00,86.0
351106,715.3,1501.0,2.10,217.3
351107,641.3,1340.5,2.09,239.5
351108,230.7,621.7,2.70,187.3
351109,202.0,490.4,2.43,65.3
351110,321.5,731.6,2.28,2.5
351111,145.8,376.9,2.58,0.0
351112,204.3,474.7,2.32,0.0
351113,314.5,807.5,2.57,106.2
351114,510.7,1349.3,2.64,60.7
351115,577.7,1356.9,2.35,117.2
351116,286.5,658.0,2.30,573.8
351117,845.2,1812.8,2.14,0.0
351118,488.3,1137.9,2.33,293.0
351119,269.5,687.6,2.55,0.0
351120,139.3,335.6,2.41,4.7
351121,5.0,16.5,3.29,1183.7
351122,2.0,3.9,1.94,636.7
351123,444.5,1131.8,2.55,441.7
351124,299.8,774.4,2.58,171.8
351125,109.2,254.1,2.33,1128.5
351126,581.2,1325.6,2.28,901.7
351127,693.0,1677.7,2.42,23.0
351128,580.0,1230.2,2.12,152.7
351129,598.2,1288.3,2.15,178.3
351130,654.5,1300.0,1.99,329.8
351131,625.2,1362.7,2.18,341.2
351132,595.7,1305.1,2.19,109.5
351133,498.0,1172.2,2.35,267.2
351134,313.7,801.7,2.56,173.2
351135,376.5,922.8,2.45,113.5
351136,490.5,1138.6,2.32,1465.8
351137,1.0,2.9,2.90,1221.2
351138,0.0,0.0,0.00,851.3
351139,37.8,104.4,2.76,458.3
351140,15.2,43.9,2.89,452.3
351141,284.2,682.1,2.40,531.8
351142,487.8,1027.6,2.11,201.0
351143,154.8,352.1,2.27,2056.8
351144,290.2,726.2,2.50,488.7
351145,902.5,1646.7,1.82,9390.2
351146,752.0,1510.5,2.01,846.2
351147,606.0,1299.6,2.14,323.3
351148,579.7,1196.2,2.06,445.2
351149,490.5,995.8,2.03,221.5
351150,248.8,445.5,1.79,739.2
351151,244.3,511.7,2.09,478.3
351152,570.2,1003.9,1.76,455.0
351153,518.2,1153.8,2.23,462.5
351154,531.5,1240.3,2.33,45.0
351155,505.2,1268.3,2.51,16.3
351156,433.7,1082.3,2.50,83.2
351157,516.0,1158.8,2.25,437.0
351158,516.7,1158.1,2.24,458.5
351159,717.7,1670.8,2.33,954.5
351160,392.5,881.4,2.25,1777.8
351161,328.5,750.0,2.28,0.2
351162,270.7,687.1,2.54,385.3
351163,20.5,57.4,2.80,1943.0
351164,6.7,17.1,2.56,123.8
351165,18.8,47.8,2.54,158.8
351166,5.5,15.0,2.73,572.0
351167,8.8,19.7,2.23,983.5
351168,86.7,220.7,2.55,957.7
351169,257.3,522.3,2.03,337.5
351170,76.3,244.0,3.20,95.2
351171,282.3,644.8,2.28,293.7
351172,296.7,986.8,3.33,15.5
351173,150.2,336.0,2.24,356.5
351174,301.0,653.5,2.17,8.8
351175,272.5,649.0,2.38,510.5
351176,484.7,1383.7,2.85,1068.5
351177,127.3,365.5,2.87,2746.7
351178,228.7,500.1,2.19,20.0
351179,46.2,114.1,2.47,206.2
351180,15.7,43.7,2.79,1346.3
351181,2.3,10.3,4.43,276.2
351182,524.3,1388.7,2.65,134.3
351183,660.7,1896.4,2.87,511.3
351184,0.0,0.0,0.00,581.2
351185,0.0,0.0,0.00,473.3
351186,31.8,73.6,2.31,458.2
351187,195.5,593.3,3.03,687.7
351188,34.0,87.3,2.57,931.5
351189,0.0,0.0,0.00,527.8
351190,0.0,0.0,0.00,474.0
351191,0.0,0.0,0.00,599.7
351192,262.7,635.9,2.42,1250.7
351193,317.0,764.9,2.41,598.0
351194,397.8,805.2,2.02,5.3
351195,701.8,1484.2,2.11,351.2
351196,589.2,1414.7,2.40,22.8
351197,343.5,784.2,2.28,61.7
351198,1.0,1.0,1.00,0.0
351199,7.5,18.2,2.43,1168.2
351200,16.5,39.4,2.39,578.7
351201,71.5,162.7,2.27,349.5
351202,258.7,438.9,1.70,1563.2
351203,19.2,52.3,2.73,909.7
351204,96.3,236.1,2.45,512.5
351205,49.3,132.5,2.69,2189.5
351206,7.0,10.6,1.51,937.7
351207,314.5,792.3,2.52,289.3
351208,312.5,836.2,2.68,1754.3
351209,2.0,5.8,2.90,925.2
351210,269.0,661.9,2.46,314.8
351211,619.5,1687.1,2.72,2138.5
351212,468.0,1201.0,2.57,441.5
351213,358.8,742.9,2.07,140.7
351214,192.0,452.5,2.36,6.3
351215,298.7,677.1,2.27,109.7
351216,1262.0,3254.9,2.58,886.7
351217,1100.0,2755.0,2.50,362.2
351218,486.8,1245.1,2.56,1549.8
351219,152.5,372.0,2.44,606.3
351220,826.0,2004.8,2.43,197.5
351221,429.8,1002.4,2.33,180.3
351222,520.0,1245.9,2.40,188.3
351223,1001.5,1977.7,1.97,2320.7
351224,742.3,1684.2,2.27,704.5
351225,1.0,5.8,5.81,393.0
351226,436.7,1153.3,2.64,75.8
351227,604.0,1604.8,2.66,513.0
351228,267.8,642.1,2.40,548.5
351229,274.3,676.1,2.46,890.8
351230,20.8,58.6,2.81,275.8
351231,645.3,1300.8,2.02,852.8
351232,32.7,82.9,2.54,407.2
351233,4.2,10.0,2.40,1194.8
351234,0.8,1.6,1.96,9984.0
351235,734.8,1510.5,2.06,345.2
351236,313.3,741.9,2.37,472.3
351237,263.2,617.9,2.35,1445.3
351238,400.5,930.9,2.32,1139.5
351239,1188.8,2398.9,2.02,1000.8
351240,1023.7,2147.1,2.10,725.7
351241,419.2,1099.4,2.62,1697.0
351242,529.0,985.8,1.86,249.2
351243,6.0,16.5,2.74,1151.3
351244,562.2,1399.7,2.49,1823.0
351245,16.0,43.6,2.72,727.2
351246,558.0,1297.7,2.33,1239.2
351247,27.2,64.1,2.36,823.5
351248,223.2,518.1,2.32,641.0
351249,709.0,1532.6,2.16,5.5
351250,850.8,1645.9,1.93,438.7
351251,202.2,466.7,2.31,924.0
351252,360.7,1013.4,2.81,118.0
351253,395.8,963.7,2.43,1048.8
351254,35.5,87.1,2.45,4637.5
351255,242.7,616.3,2.54,387.8
351256,765.2,1815.4,2.37,2099.2
351257,342.3,854.4,2.50,1980.5
351258,597.2,1488.9,2.49,1225.7
351259,627.3,1390.2,2.22,986.2
351260,748.7,1434.7,1.92,874.2
351261,768.8,1924.9,2.50,676.8
351262,537.0,1116.6,2.08,265.5
351263,596.0,1444.5,2.42,4.2
351264,610.0,1229.7,2.02,48.2
351265,205.5,461.5,2.25,35.2
351266,775.7,1853.8,2.39,84.8
351267,467.2,1001.3,2.14,67.8
351268,175.5,419.1,2.39,411.2
351269,248.8,545.7,2.19,28.7
351270,196.5,447.5,2.28,40.3
351271,451.3,971.9,2.15,42.3
351272,540.7,1054.7,1.95,407.5
351273,323.5,769.6,2.38,145.0
351274,627.8,1326.8,2.11,1922.0
351275,129.2,295.8,2.29,807.5
351276,710.0,1670.9,2.35,117.8
351277,323.0,823.0,2.55,157.2
351278,406.8,898.8,2.21,292.0
351279,286.7,652.7,2.28,0.0
351280,442.3,995.1,2.25,256.8
351281,366.8,928.0,2.53,12.8
351282,304.7,698.7,2.29,74.5
351283,344.2,791.8,2.30,340.3
351284,461.7,1148.3,2.49,342.3
351285,387.5,981.4,2.53,418.5
351286,970.0,2526.3,2.60,2176.3
351287,676.3,1701.9,2.52,110.7
351288,815.3,2028.0,2.49,487.7
351289,959.3,2631.2,2.74,821.3
351290,1094.0,2206.5,2.02,726.0
351291,669.3,1553.9,2.32,525.5
351292,588.2,1355.0,2.30,827.8
351293,1405.0,2987.8,2.13,1835.0
351294,449.0,1208.0,2.69,334.7
351295,506.8,1238.8,2.44,158.0
351296,523.8,1186.4,2.26,577.2
351297,358.5,1023.9,2.86,372.0
351298,370.2,858.6,2.32,188.7
351299,676.3,1842.1,2.72,283.3
351300,438.7,1210.7,2.76,57.7
351301,660.2,1864.9,2.82,670.8
351302,723.3,1544.3,2.13,8141.5
351303,815.8,1691.9,2.07,413.7
351304,361.5,731.1,2.02,3717.2
351305,423.8,1008.1,2.38,588.2
351306,1462.7,2557.3,1.75,998.5
351307,657.0,1585.3,2.41,95.7
351308,658.8,1431.3,2.17,601.3
351309,754.0,1559.4,2.07,1095.3
351310,503.0,1139.7,2.27,391.7
351311,355.3,1002.9,2.82,645.3
351312,451.5,1036.3,2.30,508.0
351313,506.7,1267.0,2.50,95.5
351314,276.7,689.4,2.49,397.5
351315,482.8,1152.0,2.39,16.0
351316,195.2,506.4,2.59,82.0
351317,322.3,936.1,2.90,39.0
351318,420.8,1045.8,2.49,98.7
351319,203.7,512.2,2.51,0.0
351320,489.3,1234.9,2.52,1020.2
351321,394.3,781.3,1.98,873.5
351322,230.3,605.4,2.63,409.0
351323,676.5,1516.8,2.24,370.3
351324,457.5,1222.5,2.67,444.3
351325,597.2,1646.2,2.76,419.8
351326,307.8,788.1,2.56,26.2
351327,349.5,914.9,2.62,0.0
351328,265.2,585.3,2.21,44.0
351329,465.3,1079.5,2.32,134.2
351330,1057.2,2176.2,2.06,325.7
351331,1249.5,2847.8,2.28,655.2
351332,526.5,1197.3,2.27,565.3
351333,194.8,430.0,2.21,88.8
351334,534.2,1505.5,2.82,132.5
351335,230.8,532.3,2.31,756.0
351336,364.7,1001.3,2.75,10.7
351337,337.3,919.8,2.73,431.0
351338,277.2,757.0,2.73,540.5
351339,0.0,0.0,0.00,0.0
351340,0.0,0.0,0.00,0.0
351341,0.0,0.0,0.00,0.0
351342,0.0,0.0,0.00,0.0
351343,0.0,0.0,0.00,0.0
351344,0.0,0.0,0.00,0.0
351345,3.0,14.5,4.84,9.0
351346,0.0,0.0,0.00,0.0
351347,341.3,1053.4,3.09,42.5
351348,2.0,5.8,2.90,5.0
351349,0.0,0.0,0.00,156.0
351350,68.3,210.7,3.08,0.0
351351,0.0,0.0,0.00,0.0
351352,0.0,0.0,0.00,0.0
351353,0.0,0.0,0.00,0.0
351354,192.2,587.9,3.06,4.7
351355,657.3,2319.0,3.53,20.5
351356,675.0,2367.3,3.51,24.8
351357,1281.0,4115.6,3.21,297.5
351358,713.8,2437.1,3.41,251.0
351359,0.0,0.0,0.00,38.5
351360,66.2,192.7,2.91,4.2
351361,0.2,0.6,3.87,16.5
351362,53.3,160.9,3.02,0.0
351363,108.0,295.1,2.73,3.0
351364,203.8,737.1,3.62,0.3
351365,0.0,0.0,0.00,0.0
351366,304.5,811.3,2.66,60.8
351367,0.0,0.0,0.00,0.3
351368,0.0,0.0,0.00,5.5
351369,0.0,0.0,0.00,46.3
351370,0.0,0.0,0.00,0.0
351371,0.0,0.0,0.00,0.0
351372,0.0,0.0,0.00,0.0
351373,334.3,922.4,2.76,1372.8
351374,0.0,0.0,0.00,1904.7
351375,3.8,10.5,2.74,509.5
351376,89.0,232.4,2.61,0.0
351377,66.7,198.2,2.97,11.0
351378,1.8,5.2,2.82,584.2
351379,69.8,195.9,2.81,0.0
351380,50.3,141.2,2.81,0.0
351381,41.7,118.5,2.84,3.7
351382,100.7,301.3,2.99,1.3
351383,21.2,66.5,3.14,0.0
351384,52.0,161.7,3.11,24.8
351385,41.8,118.3,2.83,0.0
351386,372.0,1368.5,3.68,0.0
351387,4.3,13.1,3.02,2.8
351388,0.0,0.0,0.00,0.0
351389,0.0,0.0,0.00,0.0
351390,0.0,0.0,0.00,0.0
351391,0.0,0.0,0.00,0.0
351392,0.0,0.0,0.00,0.0
351393,0.0,0.0,0.00,0.0
351394,0.0,0.0,0.00,0.0
351395,11.0,47.4,4.31,0.0
351396,106.2,325.3,3.06,0.0
351397,302.3,869.6,2.88,471.8
351398,587.2,1753.2,2.99,13.7
351399,0.0,0.0,0.00,0.0
351400,0.0,0.0,0.00,22.8
351401,168.3,630.9,3.75,88.5
351402,1.0,2.9,2.90,0.0
351403,109.0,352.3,3.23,0.0
351404,1040.2,3722.5,3.58,252.3
351405,708.2,2373.5,3.35,232.5
351406,226.8,795.4,3.51,34.2
351407,206.8,667.7,3.23,157.3
351408,369.3,1248.3,3.38,121.2
351409,103.0,337.6,3.28,146.2
351410,155.0,544.1,3.51,401.3
351411,1605.2,5011.2,3.12,1211.2
351412,940.5,3426.8,3.64,432.8
351413,1985.0,7393.4,3.72,477.8
351414,731.2,2703.5,3.70,133.7
351415,1309.5,4624.1,3.53,211.5
351416,661.0,2193.3,3.32,240.3
351417,62.0,222.8,3.59,6.2
351418,30.8,94.4,3.06,45.8
351419,100.0,311.1,3.11,6.2
351420,1429.5,5271.2,3.69,29.5
351421,723.3,2565.4,3.55,1096.0
351422,1213.7,4467.1,3.68,287.0
351423,1673.8,5928.1,3.54,114.0
351424,256.2,778.9,3.04,153.8
351425,238.3,842.3,3.53,833.5
351426,477.5,1904.6,3.99,115.8
351427,688.3,2788.1,4.05,0.0
351428,482.2,1162.3,2.41,30.8
351429,0.0,0.0,0.00,656.7
351430,1839.3,4925.4,2.68,1220.7
351431,810.3,2884.9,3.56,150.7
351432,109.8,321.3,2.92,4729.7
351433,1204.3,3557.8,2.95,269.2
351434,804.2,2500.2,3.11,60.0
351435,919.5,2773.7,3.02,35.0
351436,699.7,2478.2,3.54,481.2
351437,662.7,2136.8,3.22,247.7
351438,761.5,2464.4,3.24,233.0
351439,479.0,1503.4,3.14,2109.8
351440,974.8,3058.7,3.14,1011.5
351441,1240.0,2916.0,2.35,1554.8
351442,525.2,1513.8,2.88,0.0
351443,354.0,945.9,2.67,79.0
351444,1017.2,3099.0,3.05,768.7
351445,481.8,1345.0,2.79,333.3
351446,7.2,10.9,1.52,0.0
351447,198.5,364.0,1.83,18.8
351448,246.8,629.0,2.55,5.5
351449,863.8,2368.2,2.74,659.8
351450,5.3,14.4,2.69,4324.0
351451,1590.7,4008.8,2.52,313.8
351452,558.3,1800.0,3.22,131.5
351453,3.0,4.8,1.61,464.0
351454,245.3,545.4,2.22,779.5
351455,210.5,754.7,3.59,145.5
351456,1438.3,4632.0,3.22,350.3
351457,1128.5,4149.4,3.68,523.3
351458,770.5,3134.8,4.07,0.0
351459,53.2,160.1,3.01,2200.0
351460,1133.3,3358.7,2.96,300.5
351461,326.3,1155.1,3.54,4.2
351462,153.3,569.1,3.71,322.0
351463,1269.3,3743.4,2.95,410.2
351464,664.8,2149.7,3.23,660.5
351465,3.7,11.6,3.17,2353.5
351466,216.8,607.7,2.80,145.7
351467,390.7,1035.0,2.65,673.8
351468,477.8,1492.1,3.12,179.3
351469,140.3,387.9,2.76,580.8
351470,244.2,737.6,3.02,72.3
351471,462.8,1275.7,2.76,127.3
351472,66.2,196.9,2.98,293.7
351473,198.8,652.9,3.28,777.2
351474,89.0,257.2,2.89,896.5
351475,881.8,2661.2,3.02,734.3
351476,45.0,144.4,3.21,187.2
351477,453.0,1314.2,2.90,1024.3
351478,429.7,1431.5,3.33,1015.8
351479,776.5,2056.1,2.65,372.0
351480,2.0,10.7,5.33,4192.0
351481,5.0,12.6,2.52,1792.7
351482,477.8,1690.9,3.54,1085.5
351483,393.2,1452.5,3.69,0.0
351484,272.3,1118.4,4.11,0.2
351485,7.5,23.9,3.18,180.0
351486,301.5,1134.7,3.76,27.2
351487,507.8,1931.2,3.80,0.0
351488,342.5,1229.4,3.59,164.3
351489,684.2,2434.2,3.56,180.7
351490,202.2,714.7,3.54,125.5
351491,710.0,2615.7,3.68,0.0
351492,271.5,927.2,3.42,106.7
351493,12.2,44.4,3.65,55.8
351494,0.0,0.0,0.00,289.5
351495,340.8,1089.1,3.20,302.5
351496,279.0,1001.9,3.59,324.7
351497,329.8,1268.5,3.85,0.0
351498,384.3,1383.7,3.60,425.7
351499,403.2,1448.9,3.59,101.2
351500,205.3,592.2,2.88,310.3
351501,993.7,2281.4,2.30,305.2
351502,273.5,1044.7,3.82,137.2
351503,301.5,829.4,2.75,170.0
351504,378.7,1031.8,2.72,0.0
351505,359.3,1269.9,3.53,190.3
351506,415.2,1238.5,2.98,769.5
351507,693.3,1413.1,2.04,2560.2
351508,562.2,1575.7,2.80,1403.2
351509,405.7,1150.7,2.84,1026.3
351510,248.3,847.8,3.41,0.0
351511,231.3,746.2,3.23,939.0
351512,306.0,888.5,2.90,700.8
351513,552.8,1255.3,2.27,1415.3
351514,700.8,1419.2,2.03,2712.0
351515,0.7,1.0,1.46,1058.5
351516,27.0,78.3,2.90,1755.3
351517,4.0,12.3,3.07,0.8
351518,424.8,1288.8,3.03,2.7
351519,0.0,0.0,0.00,2.0
351520,0.0,0.0,0.00,2.3
351521,77.2,225.6,2.92,6.8
351522,94.7,263.5,2.78,56.7
351523,31.7,97.2,3.07,1.0
351524,27.8,83.9,3.02,24.7
351525,9.5,28.4,2.99,10.7
351526,157.5,493.1,3.13,0.0
351527,28.7,82.3,2.87,1.2
351528,75.8,215.9,2.85,13.2
351529,78.7,236.4,3.01,0.0
351530,44.5,133.0,2.99,0.5
351531,779.8,2251.0,2.89,1258.8
351532,675.3,2002.1,2.96,39.0
351533,0.0,0.0,0.00,0.0
351534,125.8,369.4,2.94,0.0
351535,1270.3,4203.4,3.31,154.7
351536,253.2,927.2,3.66,163.2
351537,746.5,2441.3,3.27,143.3
351538,495.0,1556.1,3.14,0.0
351539,222.0,682.9,3.08,55.7
351540,374.0,1141.3,3.05,169.3
351541,613.3,2124.1,3.46,120.0
351542,475.5,1697.4,3.57,108.7
351543,130.0,465.7,3.58,183.2
351544,172.8,557.9,3.23,410.5
351545,1346.2,4159.5,3.09,707.5
351546,474.8,1686.6,3.55,69.3
351547,477.8,1270.6,2.66,1864.7
351548,199.2,707.3,3.55,77.3
351549,287.8,1088.6,3.78,7.3
351550,605.2,2104.5,3.48,472.0
351551,206.3,780.7,3.78,120.5
351552,52.2,173.1,3.32,63.7
351553,457.0,1244.6,2.72,1135.0
351554,295.5,906.7,3.07,126.5
351555,407.2,1360.6,3.34,262.0
351556,164.0,569.6,3.47,149.8
351557,342.2,1191.0,3.48,9830.2
351558,265.8,1004.5,3.78,0.0
351559,223.2,820.4,3.68,0.0
351560,335.5,848.6,2.53,2251.2
351561,366.2,933.6,2.55,2803.8
351562,23.5,58.6,2.49,893.3
351563,1125.2,2696.1,2.40,2680.5
351564,3.0,12.6,4.20,1547.2
351565,1298.7,4696.1,3.62,282.8
351566,177.7,690.0,3.88,715.2
351567,296.3,1170.7,3.95,495.2
351568,224.5,894.3,3.98,92.3
351569,690.3,2689.0,3.90,357.2
351570,553.3,1597.7,2.89,286.7
351571,668.5,2327.1,3.48,991.7
351572,679.2,2311.6,3.40,103.0
351573,711.7,2349.5,3.30,313.8
351574,256.7,993.5,3.87,35.0
351575,177.8,619.0,3.48,322.0
351576,287.7,914.9,3.18,25.8
351577,22.3,55.7,2.49,2654.8
351578,0.0,0.0,0.00,5832.8
351579,159.5,593.8,3.72,0.0
351580,54.8,205.9,3.76,89.5
351581,341.7,1006.9,2.95,83.5
351582,271.0,775.2,2.86,691.8
351583,96.0,308.9,3.22,2365.8
351584,209.0,824.1,3.94,601.3
351585,466.7,1717.1,3.68,9.7
351586,386.2,1602.7,4.15,247.0
351587,292.5,1166.0,3.99,4.5
351588,185.3,728.4,3.93,245.8
351589,322.2,1239.1,3.85,280.7
351590,606.7,1670.8,2.75,806.8
351591,665.0,2321.6,3.49,338.7
351592,534.2,1993.8,3.73,57.3
351593,248.2,709.8,2.86,269.2
351594,111.7,315.6,2.83,272.3
351595,233.7,670.5,2.87,361.5
351596,233.3,737.6,3.16,144.3
351597,115.8,350.8,3.03,452.5
351598,65.3,197.0,3.02,4049.3
351599,68.0,198.8,2.92,2205.7
351600,598.5,1681.3,2.81,3185.5
351601,128.2,361.1,2.82,239.5
351602,0.0,0.0,0.00,8.0
351603,228.3,738.6,3.23,0.0
351604,164.3,488.7,2.97,2425.2
351605,1176.2,3434.8,2.92,0.0
351606,391.0,1212.2,3.10,34.8
351607,109.8,346.8,3.16,90.8
351608,478.8,1438.0,3.00,1.8
351609,150.2,535.2,3.56,314.8
351610,168.2,653.9,3.89,0.0
351611,63.7,220.6,3.46,0.0
351612,138.5,461.7,3.33,17.8
351613,74.8,305.3,4.08,18.8
351614,115.8,439.2,3.79,169.3
351615,148.5,500.1,3.37,52.0
351616,581.8,1734.5,2.98,106.2
351617,177.0,716.8,4.05,0.0
351618,170.2,721.8,4.24,0.0
351619,170.2,687.6,4.04,0.2
351620,98.2,318.9,3.25,30.0
351621,123.8,462.0,3.73,0.0
351622,226.8,806.5,3.56,20.2
351623,19.8,58.7,2.96,0.0
351624,82.0,264.0,3.22,1811.8
351625,781.8,2244.1,2.87,42.2
351626,44.8,145.7,3.25,26.3
351627,116.5,364.6,3.13,5.0
351628,165.3,485.7,2.94,1.7
351629,216.0,634.2,2.94,185.8
351630,108.3,376.9,3.48,27.3
351631,3.2,12.7,4.03,711.5
351632,3.0,7.7,2.58,554.2
351633,431.8,1000.0,2.32,229.7
351634,1.0,1.0,1.00,1100.3
351635,911.7,2133.7,2.34,2227.0
351636,535.5,1252.7,2.34,576.2
351637,303.2,672.6,2.22,986.7
351638,529.8,1357.9,2.56,1123.7
351639,991.3,2175.9,2.19,92.5
351640,393.8,965.6,2.45,726.3
351641,553.5,1352.2,2.44,55.3
351642,237.7,618.4,2.60,107.7
351643,688.3,1735.2,2.52,111.7
351644,529.3,1105.8,2.09,633.8
351645,775.3,1461.5,1.88,878.2
351646,144.0,345.2,2.40,456.8
351647,135.7,263.2,1.94,4656.8
351648,1257.0,2969.1,2.36,2231.0
351649,710.3,1366.0,1.92,647.0
351650,323.8,737.3,2.28,210.0
351651,399.0,1024.5,2.57,593.3
351652,1361.0,2899.9,2.13,2134.2
351653,492.0,1311.3,2.67,1262.8
351654,123.8,319.7,2.58,7.8
351655,705.8,1610.1,2.28,599.8
351656,900.3,2314.6,2.57,632.0
351657,184.8,626.7,3.39,9649.0
351658,274.2,809.9,2.95,4528.0
351659,0.0,0.0,0.00,1.5
351660,732.2,1912.8,2.61,739.7
351661,633.8,1585.6,2.50,798.3
351662,953.2,2057.1,2.16,376.3
351663,291.2,829.4,2.85,125.2
351664,712.5,1829.2,2.57,23.0
351665,448.7,1143.4,2.55,25.5
351666,996.5,2473.2,2.48,429.7
351667,808.2,2216.2,2.74,53.5
351668,204.2,508.9,2.49,146.0
351669,278.8,732.9,2.63,178.2
351670,174.5,461.2,2.64,87.7
351671,466.5,1353.9,2.90,79.8
351672,272.7,751.2,2.75,191.2
351673,545.5,1459.0,2.67,940.2
351674,761.3,2062.3,2.71,762.0
351675,935.0,2170.7,2.32,181.7
351676,362.5,877.0,2.42,249.2
351677,613.3,1535.9,2.50,91.0
351678,365.5,858.6,2.35,324.2
351679,580.0,1575.6,2.72,123.7
351680,774.7,1933.3,2.50,2203.8
351681,449.0,1393.4,3.10,172.8
351682,459.2,1327.4,2.89,172.5
351683,510.0,1303.5,2.56,628.5
351684,590.7,1623.8,2.75,0.0
351685,380.7,1121.2,2.95,423.0
351686,656.5,1747.9,2.66,147.7
351687,245.8,703.6,2.86,191.0
351688,1343.0,3701.6,2.76,941.8
351689,1342.5,3617.7,2.69,580.2
351690,291.5,700.6,2.40,136.8
351691,306.8,765.0,2.49,49.0
351692,314.3,801.5,2.55,55.7
351693,421.8,1067.3,2.53,318.0
351694,1020.3,2518.3,2.47,662.2
351695,247.0,692.7,2.80,97.0
351696,468.3,1248.6,2.67,1341.2
351697,497.3,1372.3,2.76,300.2
351698,343.8,1125.7,3.27,0.0
351699,390.2,1090.7,2.80,1003.7
351700,452.0,1292.7,2.86,0.0
351701,1325.8,3833.6,2.89,1066.0
351702,737.7,2291.2,3.11,169.8
351703,334.5,879.4,2.63,2411.5
351704,120.3,274.3,2.28,2654.2
351705,437.3,1045.3,2.39,5213.5
351706,83.5,210.9,2.53,1964.3
351707,133.2,340.3,2.56,242.5
351708,571.8,1599.3,2.80,2021.8
351709,362.5,1030.7,2.84,980.2
351710,261.8,808.1,3.09,0.0
351711,471.8,1366.4,2.90,643.3
351712,738.3,1921.1,2.60,15.0
351713,317.0,870.2,2.75,103.0
351714,409.3,945.5,2.31,663.8
351715,674.5,1989.5,2.95,2942.2
351716,454.3,1321.9,2.91,51.0
351717,438.3,1405.7,3.21,441.2
351718,326.8,870.2,2.66,887.5
351719,233.3,687.9,2.95,963.0
351720,1028.8,3008.3,2.92,264.0
351721,489.2,1562.5,3.19,163.8
351722,988.8,2896.5,2.93,459.5
351723,719.2,2226.5,3.10,537.3
351724,329.2,1061.5,3.22,0.0
351725,180.2,493.3,2.74,13.5
351726,94.5,264.6,2.80,0.0
351727,165.7,457.8,2.76,3672.2
351728,4.5,12.4,2.76,4621.0
351729,79.8,237.5,2.98,4283.0
351730,221.7,678.2,3.06,1169.8
351731,642.7,1987.1,3.09,71.0
351732,887.0,2483.7,2.80,408.0
351733,373.5,977.6,2.62,564.7
351734,314.8,848.8,2.70,719.8
351735,473.3,1287.4,2.72,1047.8
351736,334.3,1029.5,3.08,0.0
351737,517.3,1276.6,2.47,77.2
351738,397.2,1271.1,3.20,217.7
351739,473.5,1575.6,3.33,291.0
351740,391.2,1278.8,3.27,403.2
351741,273.8,779.4,2.85,132.7
351742,404.3,1246.4,3.08,67.5
351743,404.2,1208.6,2.99,76.8
351744,493.5,1566.4,3.17,66.2
351745,358.2,1073.7,3.00,182.8
351746,857.5,2654.3,3.10,245.5
351747,517.2,1656.4,3.20,317.2
351748,230.2,853.1,3.71,0.0
351749,294.7,883.6,3.00,666.8
351750,426.8,951.1,2.23,2005.0
351751,418.5,1207.3,2.88,1640.7
351752,615.3,1861.3,3.02,581.7
351753,859.5,2838.4,3.30,254.2
351754,58.7,188.8,3.22,1991.3
351755,697.2,2170.9,3.11,61.8
351756,280.3,874.6,3.12,0.0
351757,16.3,52.1,3.19,241.2
351758,499.8,1619.3,3.24,158.3
351759,496.0,1616.6,3.26,32.2
351760,184.2,534.9,2.90,2088.5
351761,517.8,2039.3,3.94,1241.8
351762,687.8,1656.6,2.41,1003.8
351763,733.0,2751.3,3.75,185.0
351764,141.2,447.6,3.17,1887.8
351765,96.8,305.9,3.16,2.5
351766,342.2,1172.2,3.43,0.0
351767,231.0,762.5,3.30,284.2
351768,285.5,949.5,3.33,76.0
351769,155.0,514.9,3.32,36.8
351770,500.8,1820.2,3.63,58.5
351771,383.7,1072.1,2.79,5301.7
351772,751.7,2249.1,2.99,151.2
351773,35.5,104.1,2.93,184.2
351774,475.3,1629.0,3.43,0.0
351775,395.5,1209.4,3.06,43.5
351776,574.8,1783.6,3.10,96.5
351777,551.7,1826.2,3.31,113.3
351778,761.0,2149.9,2.83,195.0
351779,91.3,263.2,2.88,161.8
351780,326.7,783.8,2.40,2088.7
351781,989.2,2916.7,2.95,67.8
351782,0.0,0.0,0.00,0.0
351783,0.0,0.0,0.00,0.0
351784,0.0,0.0,0.00,0.0
351785,0.0,0.0,0.00,0.0
351786,0.0,0.0,0.00,0.0
351787,0.0,0.0,0.00,0.0
351788,0.0,0.0,0.00,0.0
491789,1.0,6.5,6.48,0.0
491790,0.0,0.0,0.00,0.0
491791,0.0,0.0,0.00,0.0
491792,0.0,0.0,0.00,0.0
491793,1.0,3.7,3.70,0.0
491794,0.0,0.0,0.00,3.0
491795,1.0,2.8,2.78,0.0
491796,0.0,0.0,0.00,18.4
491797,0.0,0.0,0.00,28.7
491798,0.0,0.0,0.00,15.0
491799,0.0,0.0,0.00,0.0
491800,0.0,0.0,0.00,0.0
491801,0.0,0.0,0.00,51.6
491802,4.0,19.4,4.86,266.3
491803,6.0,23.1,3.86,0.0
491804,6.0,17.6,2.93,3.0
491805,22.8,67.9,2.98,0.0
491806,7.0,22.2,3.17,0.0
491807,1.0,1.0,1.00,0.0
491808,5.0,20.4,4.07,0.0
491809,0.0,0.0,0.00,0.0
491810,0.0,0.0,0.00,0.0
491811,0.0,0.0,0.00,0.0
491812,0.0,0.0,0.00,0.0
491813,0.0,0.0,0.00,2.9
491814,0.0,0.0,0.00,0.0
491815,1.0,4.6,4.63,0.0
491816,11.0,38.9,3.53,0.0
491817,111.8,381.9,3.42,0.0
491818,0.0,0.0,0.00,0.0
491819,3.4,10.6,3.08,0.0
491820,45.4,158.1,3.48,0.0
491821,127.8,448.2,3.51,0.0
491822,27.2,99.7,3.67,0.0
491823,342.2,1286.5,3.76,0.0
491824,339.5,1234.9,3.64,0.0
491825,10.3,33.7,3.27,39.0
491826,25.5,88.5,3.47,3.2
491827,36.8,127.0,3.45,0.0
491828,74.9,285.2,3.81,24.4
491829,82.8,253.2,3.06,55.8
491830,33.4,86.1,2.58,0.0
491831,90.2,346.0,3.84,1.6
491832,15.2,76.0,5.00,0.0
491833,12.7,49.2,3.87,0.0
491834,0.0,0.0,0.00,0.0
491835,11.4,36.7,3.21,0.0
491836,0.0,0.0,0.00,0.0
491837,0.0,0.0,0.00,0.0
491838,0.0,0.0,0.00,0.0
491839,0.0,0.0,0.00,0.0
491840,0.0,0.0,0.00,0.0
491841,13.8,39.8,2.88,14.1
491842,85.3,314.3,3.69,32.9
491843,0.0,0.0,0.00,0.0
491844,0.0,0.0,0.00,0.0
491845,0.0,0.0,0.00,0.0
491846,0.0,0.0,0.00,0.0
491847,0.0,0.0,0.00,0.0
491848,0.0,0.0,0.00,0.0
491849,0.0,0.0,0.00,0.0
491850,0.0,0.0,0.00,0.0
491851,0.0,0.0,0.00,0.0
491852,0.0,0.0,0.00,0.0
491853,6.0,14.8,2.47,0.0
491854,76.2,267.4,3.51,3.2
491855,0.0,0.0,0.00,0.0
491856,5.0,13.9,2.78,0.0
491857,0.0,0.0,0.00,0.0
491858,0.0,0.0,0.00,0.0
491859,0.0,0.0,0.00,0.0
491860,0.0,0.0,0.00,0.0
491861,0.0,0.0,0.00,0.0
491862,0.0,0.0,0.00,3.0
491863,0.0,0.0,0.00,0.0
491864,0.0,0.0,0.00,0.0
491865,347.9,1332.5,3.83,0.0
491866,163.2,614.6,3.77,141.3
491867,318.8,1261.0,3.96,163.2
491868,96.1,318.4,3.31,0.0
491869,191.2,791.1,4.14,58.4
491870,368.2,1526.6,4.15,0.0
491871,43.5,127.6,2.93,0.0
491872,0.0,0.0,0.00,0.0
491873,15.1,54.4,3.61,0.0
491874,77.2,283.3,3.67,0.0
491875,112.2,367.9,3.28,0.0
491876,1.0,3.7,3.70,0.0
491877,38.3,151.6,3.96,0.0
491878,54.3,182.1,3.35,0.0
491879,17.0,51.7,3.04,10.4
491880,0.0,0.0,0.00,0.0
491881,42.4,154.3,3.64,0.0
491882,74.0,262.2,3.55,0.0
491883,0.0,0.0,0.00,0.0
491884,10.4,39.9,3.84,0.0
491885,16.9,53.5,3.16,103.6
491886,0.0,0.0,0.00,0.0
491887,0.0,0.0,0.00,0.0
491888,60.1,214.4,3.56,0.0
491889,0.0,0.0,0.00,0.0
491890,0.0,0.0,0.00,0.0
491891,0.0,0.0,0.00,0.0
491892,0.0,0.0,0.00,0.0
491893,37.8,155.5,4.12,1.8
491894,0.0,0.0,0.00,0.0
491895,0.0,0.0,0.00,0.0
491896,0.0,0.0,0.00,286.6
491897,0.0,0.0,0.00,0.0
491898,2.4,6.6,2.77,0.0
491899,82.3,283.9,3.45,55.5
491900,336.8,1412.2,4.19,0.0
491901,363.8,1369.0,3.76,60.0
491902,149.2,592.5,3.97,0.0
491903,375.0,1442.8,3.85,0.0
491904,402.0,1399.3,3.48,0.0
491905,259.7,901.0,3.47,97.4
491906,177.4,626.9,3.53,21.5
491907,111.9,394.9,3.53,0.0
491908,345.4,1463.8,4.24,50.0
491909,284.0,1112.1,3.92,0.0
491910,0.0,0.0,0.00,258.4
491911,0.0,0.0,0.00,0.0
491912,8.8,38.4,4.37,0.0
491913,0.0,0.0,0.00,0.0
491914,0.0,0.0,0.00,0.0
491915,3.0,9.3,3.09,0.0
491916,0.0,0.0,0.00,0.0
491917,1.0,1.0,1.00,0.0
491918,1.0,4.6,4.63,0.0
491919,0.0,0.0,0.00,0.0
491920,0.0,0.0,0.00,1.0
491921,2.8,6.7,2.39,0.0
491922,8.8,15.4,1.75,0.0
491923,41.2,159.9,3.88,0.0
491924,127.0,489.3,3.85,6.5
491925,52.9,180.1,3.40,0.0
491926,44.5,144.1,3.24,0.8
491927,29.3,98.7,3.37,0.0
491928,423.5,1586.3,3.75,0.0
491929,133.3,485.3,3.64,1.0
491930,428.1,1593.7,3.72,13.9
491931,103.2,354.0,3.43,0.0
491932,231.5,803.6,3.47,140.5
491933,115.9,383.3,3.31,103.8
491934,428.1,1658.6,3.87,0.0
491935,85.5,251.5,2.94,0.0
491936,17.6,18.3,1.04,0.0
491937,238.9,917.5,3.84,0.0
491938,433.4,1719.6,3.97,0.6
491939,184.4,678.6,3.68,107.2
491940,153.6,531.8,3.46,94.8
491941,124.0,472.3,3.81,0.0
491942,75.2,236.0,3.14,4.0
491943,93.6,327.5,3.50,0.0
491944,11.1,36.2,3.27,0.0
491945,52.9,187.3,3.54,0.0
491946,102.6,381.5,3.72,4.1
491947,38.6,135.3,3.50,0.0
491948,379.1,1292.5,3.41,0.0
491949,299.9,1101.2,3.67,0.0
491950,232.8,790.9,3.40,0.0
491951,490.9,1617.6,3.30,0.0
491952,321.6,1207.0,3.75,1.6
491953,570.4,2246.2,3.94,148.6
491954,178.0,776.0,4.36,0.0
491955,364.8,1366.7,3.75,0.0
491956,149.5,579.8,3.88,0.0
491957,32.3,120.7,3.73,0.0
491958,123.2,430.6,3.49,0.0
491959,11.3,43.9,3.88,0.0
491960,33.9,104.8,3.10,0.0
491961,178.6,547.7,3.07,0.0
491962,423.1,1534.4,3.63,0.0
491963,407.7,1348.3,3.31,3.3
491964,0.0,0.0,0.00,36.4
491965,32.1,107.7,3.36,21.3
491966,7.2,15.9,2.20,66.6
491967,0.0,0.0,0.00,0.0
491968,15.7,46.2,2.94,0.0
491969,9.0,31.5,3.50,226.6
491970,144.3,500.8,3.47,351.2
491971,91.6,346.2,3.78,280.6
491972,146.9,513.0,3.49,140.3
491973,103.1,370.5,3.60,303.0
491974,44.5,175.7,3.95,0.0
491975,184.2,662.5,3.60,0.0
491976,507.9,1758.5,3.46,222.4
491977,440.5,1479.6,3.36,64.6
491978,311.7,1233.7,3.96,0.0
491979,85.3,287.2,3.37,27.4
491980,1.0,1.8,1.85,0.0
491981,71.2,255.8,3.59,46.4
491982,677.5,2424.0,3.58,219.1
491983,123.9,419.2,3.38,0.8
491984,677.5,1973.9,2.91,1262.4
491985,0.0,0.0,0.00,0.0
491986,19.1,68.4,3.58,231.4
491987,0.0,0.0,0.00,210.4
491988,0.0,0.0,0.00,608.0
491989,0.0,0.0,0.00,0.0
491990,21.4,70.1,3.27,177.3
491991,11.8,42.1,3.56,40.5
491992,61.6,218.1,3.54,331.6
491993,8.0,28.6,3.58,16.9
491994,1.0,3.7,3.70,898.7
491995,110.2,358.3,3.25,200.9
491996,792.1,2851.6,3.60,61.0
491997,939.7,3234.8,3.44,117.9
491998,31.9,116.6,3.66,0.0
491999,19.8,62.8,3.17,5.7
492000,1.6,9.6,6.01,0.8
492001,18.6,82.9,4.45,0.0
492002,364.7,1016.9,2.79,810.3
492003,67.3,264.9,3.94,198.2
492004,45.4,160.0,3.52,0.0
492005,33.3,106.6,3.20,133.1
492006,3.0,9.1,3.03,1.3
492007,22.7,78.0,3.44,4.9
492008,3.0,12.0,4.08,0.0
492009,35.6,117.2,3.29,0.0
492010,16.4,55.8,3.40,6.1
492011,13.6,42.2,3.10,0.0
492012,0.0,0.0,0.00,231.6
492013,144.9,464.1,3.20,0.0
492014,327.8,1230.7,3.75,0.0
492015,169.5,646.6,3.82,0.0
492016,214.2,779.0,3.64,0.0
492017,227.0,784.9,3.46,0.0
492018,358.9,1285.9,3.58,1.6
492019,111.9,394.9,3.53,57.6
492020,193.9,704.1,3.63,0.0
492021,6.0,22.2,3.70,105.2
492022,0.0,0.0,0.00,18.6
492023,110.6,378.4,3.42,55.4
492024,51.8,212.5,4.10,131.0
492025,430.4,1520.9,3.53,0.0
492026,471.2,1459.1,3.10,3.0
492027,125.4,455.0,3.63,325.1
492028,609.6,2374.3,3.89,0.0
492029,108.5,371.1,3.42,218.2
492030,144.2,505.2,3.50,33.1
492031,279.4,1008.8,3.61,2.4
492032,355.4,1261.3,3.55,198.3
492033,0.0,0.0,0.00,401.5
492034,251.0,845.2,3.37,150.2
492035,17.0,62.0,3.65,662.7
492036,199.8,642.7,3.22,277.7
492037,214.0,602.5,2.82,196.5
492038,109.6,350.9,3.20,501.3
492039,262.0,820.9,3.13,413.2
492040,249.6,662.8,2.66,1236.2
492041,251.8,769.3,3.06,633.3
492042,246.1,815.4,3.31,3.6
492043,72.2,231.4,3.21,68.9
492044,59.0,209.1,3.54,1.6
492045,60.5,195.7,3.24,124.4
492046,141.9,484.1,3.41,19.2
492047,55.3,206.1,3.73,16.4
492048,132.7,488.8,3.68,2.6
492049,106.9,405.3,3.79,44.3
492050,313.3,1081.2,3.45,170.9
492051,32.6,143.4,4.40,0.0
492052,187.6,764.3,4.07,0.0
492053,90.9,361.8,3.98,0.0
492054,275.3,934.7,3.40,573.5
492055,215.7,792.2,3.67,0.0
492056,226.6,917.2,4.05,82.0
492057,330.5,1117.9,3.38,1889.5
492058,350.8,1132.0,3.23,0.0
492059,210.8,810.1,3.84,0.0
492060,230.4,791.2,3.43,85.8
492061,261.0,879.8,3.37,55.6
492062,331.3,1376.4,4.16,0.0
492063,275.8,1166.9,4.23,0.0
492064,285.6,1214.6,4.25,0.0
492065,204.2,775.9,3.80,0.0
492066,465.2,1709.7,3.68,0.0
492067,336.2,1364.4,4.06,133.0
492068,297.6,1144.8,3.85,23.4
492069,148.8,568.6,3.82,0.0
492070,254.5,1022.1,4.02,0.0
492071,103.4,387.2,3.75,1.0
492072,298.9,1225.6,4.10,151.3
492073,131.5,509.2,3.87,77.5
492074,60.4,244.1,4.04,869.2
492075,152.2,539.4,3.54,266.9
492076,245.9,780.5,3.17,195.5
492077,295.7,1102.8,3.73,82.8
492078,127.3,524.9,4.12,21.0
492079,0.0,0.0,0.00,2758.6
492080,0.0,0.0,0.00,304.0
492081,0.0,0.0,0.00,0.0
492082,107.9,402.0,3.73,0.0
492083,1.6,7.4,4.62,0.0
492084,145.7,524.8,3.60,0.0
492085,0.0,0.0,0.00,138.0
492086,651.8,1821.5,2.79,0.0
492087,0.0,0.0,0.00,1131.2
492088,5.0,13.0,2.59,62.1
492089,0.0,0.0,0.00,587.2
492090,0.0,0.0,0.00,152.7
492091,0.0,0.0,0.00,9.2
492092,229.4,797.5,3.48,0.0
492093,0.0,0.0,0.00,193.2
492094,412.0,1322.6,3.21,29.6
492095,0.0,0.0,0.00,95.1
492096,0.0,0.0,0.00,1442.0
492097,0.0,0.0,0.00,551.5
492098,0.0,0.0,0.00,3783.0
492099,0.0,0.0,0.00,1828.0
492100,0.0,0.0,0.00,1204.0
492101,152.1,492.3,3.24,93.4
492102,0.0,0.0,0.00,552.0
492103,351.4,974.4,2.77,1158.9
492104,698.3,2409.7,3.45,581.6
492105,2.0,4.6,2.31,172.0
492106,159.2,516.6,3.25,1200.2
492107,23.2,90.6,3.91,164.7
492108,676.5,2251.0,3.33,0.0
492109,42.3,159.2,3.76,7.5
492110,291.8,1032.2,3.54,524.6
492111,656.4,2262.1,3.45,0.0
492112,0.0,0.0,0.00,2054.6
492113,0.0,0.0,0.00,1348.7
492114,238.3,898.0,3.77,76.1
492115,240.1,826.8,3.44,0.8
492116,0.0,0.0,0.00,94.5
492117,572.5,2100.5,3.67,0.0
492118,0.0,0.0,0.00,0.8
492119,840.6,2675.0,3.18,0.0
492120,313.0,1184.9,3.79,0.0
492121,431.8,1831.0,4.24,0.0
492122,302.4,1016.0,3.36,0.0
492123,396.8,1646.8,4.15,235.7
492124,82.0,339.6,4.14,0.0
492125,237.7,947.7,3.99,530.0
492126,49.6,186.5,3.76,0.0
492127,335.0,1343.6,4.01,530.2
492128,201.7,781.5,3.87,0.0
492129,359.4,1276.2,3.55,320.5
492130,210.3,778.0,3.70,0.0
492131,172.5,565.6,3.28,442.6
492132,338.7,1190.6,3.51,64.8
492133,377.6,1392.7,3.69,37.3
492134,199.1,790.3,3.97,0.0
492135,249.7,1025.8,4.11,0.0
492136,114.7,477.3,4.16,101.8
492137,89.5,333.1,3.72,0.0
492138,137.5,556.5,4.05,21.8
492139,337.6,1419.5,4.21,0.0
492140,232.6,828.8,3.56,55.4
492141,258.9,954.6,3.69,91.4
492142,318.3,1021.0,3.21,629.8
492143,249.9,921.7,3.69,304.8
492144,301.7,1309.0,4.34,141.5
492145,276.4,1244.9,4.50,0.0
492146,315.1,1302.3,4.13,83.4
492147,225.3,846.4,3.76,0.0
492148,138.7,568.0,4.09,0.0
492149,470.0,2029.6,4.32,0.0
492150,334.2,1369.7,4.10,178.1
492151,466.5,1820.2,3.90,44.1
492152,284.7,1025.0,3.60,0.0
492153,285.2,968.3,3.40,0.0
492154,291.5,954.2,3.27,0.0
492155,217.8,929.1,4.27,0.0
492156,328.8,1324.5,4.03,38.6
492157,225.0,956.4,4.25,528.1
492158,426.6,1760.1,4.13,0.0
492159,353.6,1171.5,3.31,52.7
492160,174.4,593.5,3.40,199.0
492161,594.9,2290.6,3.85,378.1
492162,361.1,1477.1,4.09,79.5
492163,424.0,1633.8,3.85,0.0
492164,74.3,244.1,3.28,1153.8
492165,491.3,2027.9,4.13,246.2
492166,335.3,1323.1,3.95,139.4
492167,527.9,2061.6,3.90,353.1
492168,487.2,1515.5,3.11,890.2
492169,482.9,1601.2,3.32,61.8
492170,603.4,2059.4,3.41,276.3
492171,2.2,3.9,1.77,2867.6
492172,74.7,199.8,2.67,2269.1
492173,347.2,985.2,2.84,1058.0
492174,310.4,877.7,2.83,210.9
492175,250.0,703.6,2.81,385.7
492176,744.4,2596.6,3.49,283.1
492177,12.8,39.6,3.09,1124.5
492178,171.4,484.1,2.82,1093.7
492179,417.9,1183.1,2.83,955.0
492180,138.2,402.2,2.91,334.1
492181,442.2,1332.7,3.01,207.4
492182,98.2,293.7,2.99,435.5
492183,672.9,2092.8,3.11,1135.7
492184,75.4,247.1,3.28,3021.0
492185,169.1,460.8,2.73,251.8
492186,88.7,297.4,3.35,6850.1
492187,689.5,2040.2,2.96,534.0
492188,1.0,3.7,3.70,748.4
492189,16.0,27.9,1.74,47.5
492190,21.4,75.2,3.52,0.0
492191,48.9,202.3,4.14,0.0
492192,35.1,142.1,4.05,3.8
492193,287.1,1025.7,3.57,9.0
492194,43.0,151.0,3.51,0.0
492195,93.7,315.0,3.36,0.0
492196,65.9,223.7,3.39,120.0
492197,0.0,0.0,0.00,681.8
492198,0.0,0.0,0.00,661.9
492199,15.0,54.9,3.67,0.0
492200,15.0,48.6,3.24,47.5
492201,0.0,0.0,0.00,2856.5
492202,16.0,66.0,4.13,4.4
492203,0.0,0.0,0.00,254.3
492204,283.0,1051.3,3.72,13.6
492205,282.4,1234.0,4.37,0.0
492206,244.4,963.2,3.94,0.0
492207,119.2,497.0,4.17,2640.4
492208,297.2,1281.2,4.31,0.0
492209,304.0,1174.6,3.86,64.2
492210,409.7,1593.7,3.89,0.0
492211,598.8,1926.3,3.22,816.0
492212,427.8,1564.7,3.66,175.4
492213,485.8,1504.2,3.10,118.9
492214,437.9,1501.6,3.43,226.6
492215,535.6,2232.1,4.17,0.0
492216,412.5,1287.8,3.12,116.5
492217,505.3,1776.1,3.52,0.0
492218,532.1,1961.1,3.69,0.0
492219,51.6,122.7,2.38,524.9
492220,241.8,569.7,2.36,1792.6
492221,700.1,2192.8,3.13,410.4
492222,508.5,1808.1,3.56,265.2
492223,635.6,2355.3,3.71,0.0
492224,141.6,476.1,3.36,841.6
492225,439.8,1539.1,3.50,34.4
492226,386.3,1530.1,3.96,0.0
492227,37.6,134.9,3.59,505.7
492228,229.6,749.8,3.27,456.0
492229,296.4,1087.3,3.67,160.5
492230,422.5,1668.6,3.95,0.0
492231,1167.9,3256.3,2.79,267.2
492232,773.0,2173.1,2.81,538.8
492233,168.6,405.9,2.41,346.4
492234,255.9,879.2,3.44,538.5
492235,4.0,10.2,2.55,147.7
492236,1068.9,3094.4,2.90,2915.1
492237,1.0,4.6,4.63,722.9
492238,202.0,579.0,2.87,276.7
492239,0.0,0.0,0.00,614.3
492240,7.0,20.4,2.91,1433.4
492241,0.0,0.0,0.00,148.5
492242,334.0,1070.6,3.21,704.4
492243,87.1,283.7,3.26,1860.0
492244,0.0,0.0,0.00,24.2
492245,0.0,0.0,0.00,2261.3
492246,146.4,479.7,3.28,1026.3
492247,162.7,673.9,4.14,808.4
492248,235.2,867.2,3.69,208.3
492249,316.4,1149.5,3.63,612.7
492250,24.8,89.0,3.59,3668.0
492251,1.0,4.6,4.63,2309.6
492252,0.0,0.0,0.00,0.0
492253,0.0,0.0,0.00,0.0
492254,0.0,0.0,0.00,0.0
492255,0.0,0.0,0.00,0.8
492256,0.0,0.0,0.00,0.0
492257,0.0,0.0,0.00,178.7
492258,117.4,378.4,3.22,415.6
492259,0.0,0.0,0.00,70.3
492260,0.0,0.0,0.00,0.0
492261,0.0,0.0,0.00,1351.7
492262,422.7,1374.1,3.25,0.0
492263,206.7,668.9,3.24,0.0
492264,0.0,0.0,0.00,17.5
492265,108.9,360.8,3.31,493.7
492266,2.0,7.4,3.70,2049.0
492267,178.2,627.4,3.52,0.0
492268,396.8,1314.8,3.31,0.0
492269,1070.4,3351.2,3.13,0.0
492270,439.4,1213.2,2.76,292.9
492271,1.0,4.6,4.63,1235.8
492272,163.6,517.7,3.16,0.0
492273,93.4,294.6,3.16,31.6
492274,151.3,528.8,3.50,33.8
492275,455.3,1404.0,3.08,31.8
492276,1.0,1.0,1.00,1843.7
492277,161.3,570.5,3.54,0.0
492278,871.8,3048.3,3.50,268.7
492279,217.9,714.5,3.28,745.2
492280,122.4,352.3,2.88,349.9
492281,4.8,7.2,1.50,4360.9
492282,573.6,1577.8,2.75,0.0
492283,50.7,181.0,3.57,0.0
492284,14.8,43.9,2.96,103.5
492285,307.7,1150.2,3.74,47.8
492286,275.4,972.8,3.53,385.3
492287,341.5,1111.9,3.26,1610.0
492288,545.0,2020.9,3.71,117.8
492289,452.9,1538.9,3.40,644.5
492290,957.7,2981.3,3.11,1436.2
492291,543.4,1927.7,3.55,3349.3
492292,724.5,2391.8,3.30,633.7
492293,608.6,1951.9,3.21,169.5
492294,385.4,1114.2,2.89,696.0
492295,863.1,2940.3,3.41,622.9
492296,405.4,1242.5,3.06,1423.1
492297,747.3,1985.2,2.66,2640.4
492298,178.8,666.1,3.73,810.8
492299,610.2,2215.8,3.63,61.7
492300,725.5,2793.2,3.85,0.0
492301,141.6,492.0,3.47,12.0
492302,465.0,1555.8,3.35,409.9
492303,291.8,1008.0,3.45,205.6
492304,103.8,362.4,3.49,3487.0
492305,699.4,2088.3,2.99,843.7
492306,611.4,1969.0,3.22,15.6
492307,341.8,1283.0,3.75,226.4
492308,594.0,2170.9,3.65,544.7
492309,374.4,1002.8,2.68,409.0
492310,814.9,2537.5,3.11,406.3
492311,495.7,1622.7,3.27,576.0
492312,420.8,1485.0,3.53,475.0
492313,75.6,283.5,3.75,371.1
492314,267.9,750.2,2.80,934.0
492315,422.0,1251.2,2.97,100.4
492316,523.5,1662.3,3.18,0.0
492317,412.7,1350.8,3.27,75.5
492318,687.0,2041.8,2.97,597.2
492319,244.8,865.6,3.54,800.2
492320,528.6,1518.1,2.87,817.2
492321,245.9,813.9,3.31,1077.2
492322,551.2,1920.7,3.48,203.9
492323,470.8,1571.7,3.34,0.0
492324,450.7,1684.0,3.74,55.4
492325,405.2,1209.5,2.98,827.5
492326,366.1,1100.4,3.01,5673.9
492327,441.4,1531.6,3.47,198.2
492328,629.3,1659.6,2.64,81.8
492329,12.4,46.3,3.73,1386.9
492330,0.0,0.0,0.00,909.1
492331,5.9,11.8,2.00,955.0
492332,293.3,912.2,3.11,1278.9
492333,451.7,1407.3,3.12,218.5
492334,354.1,1234.1,3.49,17.7
492335,86.2,255.5,2.96,847.2
492336,449.8,1375.1,3.06,133.4
492337,253.1,802.4,3.17,0.0
492338,885.4,2877.7,3.25,1127.7
492339,4.0,13.3,3.33,2868.9
492340,306.5,954.8,3.11,1297.9
492341,449.0,1277.2,2.84,1292.8
492342,198.1,543.5,2.74,462.6
492343,8.0,24.1,3.01,560.9
492344,0.0,0.0,0.00,1785.0
492345,416.7,1312.4,3.15,185.6
492346,398.1,1403.9,3.53,0.0
492347,863.8,2428.4,2.81,164.0
492348,358.7,1169.5,3.26,55.8
492349,658.8,2065.4,3.14,643.3
492350,205.2,551.6,2.69,1114.0
492351,418.6,1150.1,2.75,533.8
492352,0.0,0.0,0.00,2779.3
492353,10.5,30.7,2.94,408.7
492354,0.0,0.0,0.00,2794.4
492355,102.3,291.9,2.85,1258.0
492356,345.2,1129.6,3.27,77.6
492357,251.7,759.1,3.02,116.8
492358,99.9,394.6,3.95,361.0
492359,313.1,1085.5,3.47,815.5
492360,81.0,234.1,2.89,73.6
492361,358.6,1115.5,3.11,256.0
492362,353.7,1196.6,3.38,0.0
492363,365.1,1143.6,3.13,891.6
492364,100.7,287.0,2.85,1231.5
492365,614.9,1780.4,2.90,628.3
492366,573.6,1887.0,3.29,252.8
492367,318.2,956.9,3.01,1271.4
492368,475.5,1493.7,3.14,143.3
492369,3.0,11.1,3.70,1244.7
492370,659.7,1783.9,2.70,736.1
492371,352.1,1116.3,3.17,123.6
492372,498.8,1398.4,2.80,701.1
492373,343.2,895.1,2.61,329.8
492374,438.0,1265.9,2.89,552.7
492375,88.6,247.3,2.79,1464.8
492376,202.0,560.7,2.78,1339.8
492377,614.7,1506.3,2.45,1008.1
492378,222.8,660.2,2.96,118.1
492379,397.5,1236.7,3.11,258.3
492380,826.0,3098.3,3.75,0.0
492381,452.0,1335.8,2.96,0.0
492382,169.4,538.1,3.18,587.9
492383,180.9,503.7,2.78,500.1
492384,24.0,109.2,4.55,15940.0
492385,632.6,2109.3,3.33,29.0
492386,244.1,899.4,3.68,0.0
492387,861.0,2428.1,2.82,155.8
492388,983.0,3359.5,3.42,144.4
492389,650.8,1990.6,3.06,167.1
492390,479.8,1637.6,3.41,128.6
492391,401.4,1502.2,3.74,0.0
492392,770.0,2181.6,2.83,335.0
492393,508.2,1654.4,3.26,0.0
492394,319.1,984.1,3.08,75.2
492395,437.4,1456.2,3.33,317.9
492396,126.4,353.7,2.80,1158.1
492397,212.8,594.0,2.79,43.8
492398,112.2,295.1,2.63,125.6
492399,142.8,371.3,2.60,0.0
492400,0.0,0.0,0.00,2047.8
492401,341.0,1221.3,3.58,147.1
492402,375.6,1191.1,3.17,264.4
492403,628.0,1841.8,2.93,210.5
492404,329.8,1060.2,3.21,11.0
492405,493.6,1515.9,3.07,414.2
492406,273.1,778.3,2.85,2684.2
492407,79.2,203.0,2.56,5201.5
492408,375.9,1177.1,3.13,322.0
492409,123.2,395.7,3.21,1508.2
492410,384.2,1300.2,3.38,0.0
492411,345.1,994.3,2.88,465.0
492412,110.6,284.9,2.58,858.5
492413,383.0,1018.3,2.66,374.7
492414,1.0,5.6,5.55,10.2
492415,626.9,1947.7,3.11,187.0
492416,276.9,679.3,2.45,273.4
492417,577.3,1439.4,2.49,157.7
492418,152.0,371.2,2.44,843.9
492419,172.2,409.5,2.38,508.6
492420,216.2,602.4,2.79,2530.1
492421,38.4,111.7,2.91,1195.8
492422,28.8,134.1,4.66,1.4
492423,332.9,1245.6,3.74,70.8
492424,22.3,73.1,3.27,0.0
492425,121.2,421.6,3.48,0.0
492426,500.9,1922.3,3.84,66.2
492427,189.7,725.3,3.82,0.0
492428,475.9,1773.8,3.73,0.0
492429,138.7,439.4,3.17,0.0
492430,60.7,216.9,3.57,34.5
492431,429.7,1461.9,3.40,17.4
492432,253.5,817.4,3.22,43.4
492433,4.0,17.6,4.40,72.3
492434,40.0,144.2,3.61,336.2
492435,240.7,826.2,3.43,55.6
492436,507.5,1801.0,3.55,76.9
492437,291.2,891.3,3.06,152.5
492438,6.0,14.8,2.47,149.0
492439,20.0,75.4,3.77,53.7
492440,17.0,66.8,3.93,0.0
492441,41.5,161.7,3.89,150.3
492442,86.2,268.2,3.11,37.6
492443,144.8,505.1,3.49,189.7
492444,32.1,125.8,3.92,0.0
492445,471.3,1885.8,4.00,36.1
492446,170.2,584.4,3.43,0.0
492447,294.0,890.9,3.03,346.4
492448,305.1,837.5,2.75,71.3
492449,174.0,517.0,2.97,969.7
492450,129.0,326.1,2.53,2447.6
492451,221.0,662.9,3.00,159.6
492452,292.7,855.6,2.92,82.7
492453,206.6,593.1,2.87,769.0
492454,853.6,3036.6,3.56,0.0
492455,194.0,692.5,3.57,184.3
492456,24.0,69.9,2.91,171.0
492457,340.8,1079.8,3.17,0.0
492458,0.0,0.0,0.00,1028.9
492459,2.0,3.0,1.50,2816.0
492460,72.5,198.1,2.73,1350.3
492461,234.8,728.4,3.10,466.3
492462,296.3,895.7,3.02,175.5
492463,399.9,1189.0,2.97,4.4
492464,287.4,799.4,2.78,244.7
492465,259.3,782.1,3.02,291.4
492466,313.9,1009.0,3.21,723.3
492467,442.2,1335.0,3.02,308.5
492468,238.1,826.6,3.47,0.0
492469,0.0,0.0,0.00,834.4
492470,355.0,1102.0,3.10,190.9
492471,0.0,0.0,0.00,3456.2
492472,0.0,0.0,0.00,1340.6
492473,0.0,0.0,0.00,13.4
492474,113.8,354.5,3.12,103.0
492475,535.5,1768.8,3.30,565.3
492476,431.0,1559.7,3.62,0.0
492477,175.8,578.0,3.29,120.2
492478,0.0,0.0,0.00,5270.7
492479,0.0,0.0,0.00,713.5
492480,0.0,0.0,0.00,12.4
492481,34.4,117.3,3.41,932.7
492482,511.2,1771.4,3.47,417.0
492483,1.0,4.6,4.63,528.9
492484,0.0,0.0,0.00,2390.8
492485,0.0,0.0,0.00,809.1
492486,1.0,3.7,3.70,283.5
492487,0.0,0.0,0.00,440.8
492488,0.0,0.0,0.00,2028.3
492489,0.0,0.0,0.00,128.6
492490,36.1,125.1,3.47,0.0
492491,0.0,0.0,0.00,71.5
492492,1.0,1.9,1.85,98.1
492493,138.2,486.9,3.52,47.6
492494,341.8,1250.8,3.66,7.0
492495,0.0,0.0,0.00,408.6
492496,224.5,699.0,3.11,86.9
492497,354.2,1129.1,3.19,210.7
492498,131.0,407.6,3.11,68.0
492499,228.1,701.9,3.08,193.0
492500,208.4,639.9,3.07,148.4
492501,493.5,1842.0,3.73,0.0
492502,342.2,1046.2,3.06,313.6
492503,397.3,1380.4,3.47,854.5
492504,276.9,777.0,2.81,140.1
492505,389.0,1174.9,3.02,179.1
492506,364.5,1184.5,3.25,28.8
492507,345.9,1030.6,2.98,0.0
492508,322.1,936.6,2.91,771.7
492509,352.7,915.5,2.60,558.5
492510,193.5,558.9,2.89,519.9
492511,391.6,1290.3,3.29,66.2
492512,280.0,992.9,3.55,12.4
492513,2.7,5.6,2.09,1445.8
492514,160.1,523.0,3.27,16.2
492515,160.9,526.1,3.27,23.6
492516,491.1,1648.8,3.36,485.0
492517,219.4,803.5,3.66,0.0
492518,291.2,1072.8,3.68,11.0
492519,74.9,237.1,3.17,104.3
492520,59.4,202.0,3.40,4.4
492521,0.0,0.0,0.00,103.7
492522,1.6,4.8,3.03,5.6
492523,8.0,25.0,3.12,122.1
492524,29.6,83.5,2.82,23.3
492525,141.7,395.9,2.79,121.1
492526,283.7,786.4,2.77,722.5
492527,361.3,1155.0,3.20,31.2
492528,238.2,777.3,3.26,164.7
492529,315.8,1176.7,3.73,2.6
492530,154.6,564.0,3.65,0.0
492531,236.6,762.3,3.22,0.8
492532,235.0,794.7,3.38,21.2
492533,379.6,1321.3,3.48,0.0
492534,204.8,739.6,3.61,0.0
492535,349.0,1499.2,4.30,0.0
492536,242.2,884.3,3.65,0.0
492537,256.8,980.0,3.82,27.2
492538,208.6,751.0,3.60,0.0
492539,266.1,959.4,3.61,64.4
492540,90.5,318.6,3.52,8.6
492541,377.4,1490.8,3.95,14.0
492542,156.4,560.6,3.58,95.7
492543,117.4,429.1,3.65,229.0
492544,275.7,1007.7,3.66,143.0
492545,255.0,911.9,3.58,0.0
492546,98.4,354.1,3.60,0.0
492547,79.4,341.7,4.30,148.8
492548,237.6,882.1,3.71,167.7
492549,253.9,992.6,3.91,43.9
492550,229.0,819.0,3.58,40.0
492551,27.0,102.1,3.78,0.0
492552,230.0,824.8,3.59,131.2
492553,53.3,205.2,3.85,0.0
492554,40.5,137.4,3.40,78.9
492555,8.6,31.2,3.61,0.8
492556,1.0,3.7,3.70,449.2
492557,11.2,8.9,0.80,6.0
492558,10.4,32.0,3.08,0.0
492559,0.0,0.0,0.00,593.2
492560,0.0,0.0,0.00,1037.7
492561,271.1,859.9,3.17,176.7
492562,419.7,1355.0,3.23,125.6
492563,26.4,93.4,3.54,0.0
492564,87.0,311.6,3.58,6.8
492565,37.5,134.6,3.59,0.0
492566,469.8,1732.0,3.69,161.1
492567,132.3,447.2,3.38,55.8
492568,58.3,203.2,3.48,0.0
492569,354.5,1315.1,3.71,0.0
492570,47.9,131.4,2.74,9.7
492571,34.8,117.0,3.36,523.8
492572,4.8,16.7,3.47,0.0
492573,1.6,2.4,1.51,1338.4
492574,147.4,484.0,3.28,21.2
492575,131.0,456.8,3.49,53.4
492576,496.6,1930.5,3.89,0.0
492577,193.6,631.3,3.26,0.0
492578,370.6,1590.3,4.29,0.0
492579,220.8,931.5,4.22,17.0
492580,664.5,2662.0,4.01,238.0
492581,97.9,355.0,3.63,36.8
492582,393.9,1525.8,3.87,0.0
492583,415.7,1666.8,4.01,75.4
492584,468.7,1786.2,3.81,138.2
492585,444.6,1858.6,4.18,0.0
492586,2.6,5.9,2.28,0.0
492587,93.4,296.1,3.17,94.2
492588,22.6,70.6,3.12,65.9
492589,8.4,34.9,4.15,129.2
492590,10.0,29.7,2.97,9.6
492591,35.8,93.4,2.61,0.0
492592,0.0,0.0,0.00,2483.0
492593,80.8,221.9,2.75,469.7
492594,51.6,151.0,2.93,251.2
492595,284.5,834.0,2.93,360.4
492596,328.7,948.5,2.89,62.1
492597,183.4,544.4,2.97,270.6
492598,284.8,807.2,2.83,631.6
492599,283.9,848.5,2.99,32.4
492600,266.5,817.0,3.07,86.5
492601,192.6,552.8,2.87,141.9
492602,230.6,681.0,2.95,52.2
492603,295.2,973.6,3.30,18.6
492604,291.5,937.2,3.22,124.6
492605,172.5,641.0,3.72,0.0
492606,245.1,914.9,3.73,0.0
492607,158.0,511.1,3.23,43.7
492608,247.0,764.0,3.09,800.2
492609,223.7,703.4,3.15,492.4
492610,49.0,192.1,3.92,275.2
492611,208.4,680.5,3.27,532.7
492612,287.3,1110.2,3.86,128.8
492613,311.4,1200.2,3.85,42.4
492614,315.0,990.5,3.14,366.0
492615,163.1,537.4,3.29,1246.7
492616,109.3,435.4,3.98,0.0
492617,122.4,315.7,2.58,625.4
492618,36.1,121.6,3.37,0.0
492619,37.3,154.9,4.15,0.0
492620,122.8,451.1,3.67,234.9
492621,146.5,603.6,4.12,88.2
492622,3.0,9.3,3.09,0.0
492623,3.0,14.2,4.73,0.0
492624,21.2,89.7,4.24,0.0
492625,69.6,238.8,3.43,19.8
492626,0.0,0.0,0.00,76.9
492627,5.0,20.4,4.12,0.0
492628,1.8,3.8,2.08,148.8
492629,16.0,57.4,3.59,0.0
492630,8.0,27.8,3.47,0.0
492631,1.6,3.7,2.31,0.0
492632,192.8,654.5,3.39,0.0
492633,37.7,115.2,3.05,423.1
492634,2.0,3.0,1.50,28.6
492635,382.4,1081.3,2.83,1445.8
492636,173.7,485.3,2.79,2085.9
492637,0.0,0.0,0.00,1209.0
492638,0.0,0.0,0.00,162.3
492639,3.0,5.6,1.85,248.1
492640,1.0,7.4,7.40,836.8
492641,3.0,7.4,2.47,335.8
492642,13.0,44.4,3.42,17.2
492643,1.0,5.6,5.55,774.4
492644,0.0,0.0,0.00,906.9
492645,4.0,12.0,3.01,0.0
492646,12.0,40.7,3.39,0.0
492647,15.0,43.5,2.90,0.0
492648,1.0,4.6,4.63,0.0
492649,17.0,45.4,2.67,0.0
492650,11.0,32.4,2.95,0.0
492651,14.8,48.7,3.29,0.0
492652,12.0,29.6,2.47,0.0
492653,22.0,62.0,2.82,0.0
492654,20.8,61.5,2.95,0.0
492655,8.0,25.9,3.24,0.0
492656,13.0,42.6,3.28,0.0
492657,3.0,8.3,2.78,0.0
492658,5.0,10.2,2.04,0.0
492659,4.0,8.3,2.08,0.0
492660,5.0,11.1,2.22,0.0
492661,1.0,4.6,4.63,0.0
492662,3.0,11.1,3.70,0.0
492663,4.0,11.1,2.78,0.0
492664,15.0,34.2,2.28,0.0
492665,15.0,51.8,3.46,0.0
492666,35.0,110.1,3.15,0.0
492667,36.0,114.8,3.19,0.0
492668,13.0,49.1,3.77,0.0
492669,36.0,126.8,3.52,0.0
492670,38.0,133.3,3.51,0.0
492671,85.0,249.9,2.94,60.6
492672,9.0,23.1,2.57,0.0
492673,26.8,89.6,3.34,0.0
492674,65.6,202.7,3.09,92.0
492675,24.0,70.3,2.93,0.0
492676,8.0,25.9,3.24,0.0
492677,25.0,69.4,2.78,0.0
492678,63.0,195.3,3.10,1.6
492679,54.0,163.8,3.03,0.0
492680,17.0,37.9,2.23,0.0
492681,6.0,14.8,2.47,0.0
492682,7.0,19.4,2.78,0.0
492683,56.0,181.4,3.24,3.4
492684,3.0,5.6,1.85,0.0
492685,17.0,57.4,3.38,0.0
492686,5.0,12.0,2.41,0.0
492687,13.0,47.2,3.63,0.0
492688,5.0,14.8,2.96,0.0
492689,3.0,7.4,2.47,0.0
492690,1.0,4.6,4.63,0.0
492691,0.0,0.0,0.00,23.0
492692,65.6,227.3,3.47,0.0
492693,20.0,71.3,3.56,0.0
492694,2.0,6.5,3.24,0.0
492695,5.0,13.0,2.59,1.6
492696,13.0,48.1,3.70,0.0
492697,8.0,23.1,2.89,0.0
492698,26.8,95.1,3.55,0.0
492699,34.0,101.8,2.99,0.0
492700,14.0,45.4,3.24,0.0
492701,12.0,53.7,4.47,454.8
492702,55.8,180.1,3.23,0.0
492703,15.0,50.0,3.33,0.0
492704,18.0,55.5,3.09,0.0
492705,9.0,51.8,5.76,0.0
492706,111.4,400.8,3.60,106.8
492707,14.8,36.1,2.44,5.0
492708,39.8,124.4,3.13,95.5
492709,48.8,177.0,3.63,0.0
492710,27.0,75.0,2.78,0.0
492711,20.6,65.7,3.19,8.4
492712,9.0,21.3,2.37,45.2
492713,0.0,0.0,0.00,1043.4
492714,0.0,0.0,0.00,959.6
492715,19.0,55.5,2.92,0.0
492716,219.6,626.1,2.85,12.6
492717,20.0,77.8,3.89,0.0
492718,61.8,198.4,3.21,0.0
492719,8.0,25.9,3.24,0.0
492720,11.0,40.7,3.70,10.4
492721,12.0,35.2,2.93,2.0
492722,7.2,22.4,3.11,8.0
492723,8.0,29.6,3.70,2.4
492724,3.0,13.9,4.63,2.8
492725,1.0,1.0,1.00,93.8
492726,32.4,103.4,3.19,28.8
492727,4.0,10.2,2.55,0.0
492728,3.2,10.1,3.17,0.0
492729,18.0,54.9,3.05,0.0
492730,153.3,506.7,3.30,17.5
492731,49.2,167.9,3.41,0.0
492732,145.3,520.6,3.58,186.1
492733,1.0,5.6,5.55,0.0
492734,30.6,110.3,3.61,0.8
492735,116.7,381.2,3.27,323.7
492736,18.2,55.0,3.03,0.0
492737,64.9,204.0,3.14,77.0
492738,43.4,37.0,0.85,10.6
492739,141.8,441.2,3.11,76.3
492740,84.8,307.2,3.62,0.0
492741,6.0,16.7,2.78,0.0
492742,2.0,5.6,2.78,0.0
492743,115.8,398.2,3.44,162.7
492744,317.0,1086.8,3.43,0.0
492745,76.8,258.0,3.36,0.0
492746,26.8,64.0,2.39,0.0
492747,41.6,155.6,3.74,0.0
492748,232.8,965.8,4.15,44.1
492749,206.8,641.0,3.10,17.4
492750,131.9,416.7,3.16,244.5
492751,227.1,737.0,3.24,0.0
492752,179.2,635.4,3.55,259.4
492753,103.0,369.5,3.59,176.7
492754,326.6,1208.8,3.70,16.0
492755,73.6,264.2,3.59,60.0
492756,157.2,506.0,3.22,117.0
492757,89.4,291.2,3.26,0.0
492758,44.9,163.6,3.64,0.0
492759,58.8,226.0,3.84,0.0
492760,140.0,539.3,3.85,0.0
492761,108.7,360.7,3.32,0.0
492762,7.0,23.1,3.31,0.0
492763,25.2,107.1,4.25,0.0
492764,123.5,471.4,3.82,0.0
492765,58.5,210.3,3.60,0.0
492766,41.7,152.5,3.65,46.4
492767,248.2,976.8,3.94,27.8
492768,336.6,1303.4,3.87,30.4
492769,137.0,502.3,3.67,0.0
492770,301.3,1070.8,3.55,0.0
492771,0.0,0.0,0.00,0.0
492772,71.4,276.4,3.87,84.4
492773,2.0,4.6,2.31,0.0
492774,1.0,7.4,7.40,435.6
492775,116.4,364.6,3.13,181.5
492776,95.3,306.6,3.22,0.0
492777,57.7,171.4,2.97,27.7
492778,188.6,590.9,3.13,205.2
492779,219.6,711.0,3.24,185.4
492780,203.8,649.9,3.19,821.1
492781,143.4,450.6,3.14,28.9
492782,48.0,172.5,3.59,1016.6
492783,308.9,1110.4,3.59,72.9
492784,50.8,175.2,3.45,0.0
492785,17.0,57.7,3.39,0.0
492786,60.9,204.5,3.36,0.0
492787,205.4,622.5,3.03,34.2
492788,410.8,1355.5,3.30,175.1
492789,292.1,1124.3,3.85,65.9
492790,313.2,1139.3,3.64,12.0
492791,382.8,1477.5,3.86,30.8
492792,244.2,935.7,3.83,0.0
492793,72.3,247.4,3.42,0.0
492794,416.0,1327.9,3.19,232.4
492795,300.4,958.3,3.19,281.7
492796,0.0,0.0,0.00,235.9
492797,317.8,1047.1,3.30,163.3
492798,299.1,909.8,3.04,192.7
492799,23.8,78.9,3.32,947.3
492800,388.3,1375.1,3.54,138.0
492801,4.6,16.2,3.53,0.0
492802,95.8,362.4,3.78,0.0
492803,294.8,1045.9,3.55,0.0
492804,96.8,346.1,3.58,0.0
492805,5.6,22.0,3.93,0.0
492806,155.6,569.9,3.66,0.0
492807,39.9,137.2,3.44,0.0
492808,7.6,19.4,2.55,0.0
492809,9.4,31.1,3.31,0.0
492810,3.8,11.6,3.07,0.0
492811,141.9,536.4,3.78,1.7
492812,196.9,713.7,3.62,129.2
492813,4.0,15.7,3.93,2.4
492814,14.0,49.1,3.50,0.0
492815,3.0,7.4,2.47,0.0
492816,6.0,19.4,3.24,0.0
492817,23.5,86.3,3.67,0.0
492818,40.7,136.1,3.34,0.8
492819,173.6,676.0,3.89,5.0
492820,226.8,761.5,3.36,105.5
492821,92.6,291.2,3.15,3.8
492822,243.1,825.8,3.40,132.4
492823,291.0,1059.2,3.64,329.1
492824,352.3,1377.9,3.91,34.8
492825,68.6,280.9,4.09,0.0
492826,194.8,625.7,3.21,226.6
492827,1.0,5.6,5.55,0.0
492828,0.0,0.0,0.00,0.0
492829,17.0,60.5,3.56,0.0
492830,18.6,58.8,3.17,0.0
492831,19.6,79.4,4.05,12.2
492832,107.2,369.1,3.44,21.7
492833,0.0,0.0,0.00,36.2
492834,3.7,15.3,4.10,162.3
492835,26.0,16.5,0.64,0.0
492836,68.7,275.1,4.00,0.0
492837,227.1,772.5,3.40,0.0
492838,223.0,668.0,3.00,0.0
492839,1.0,2.8,2.78,0.0
492840,131.7,426.6,3.24,0.0
492841,7.0,25.9,3.70,0.0
492842,42.8,143.4,3.36,0.0
492843,1.0,4.6,4.63,0.0
492844,0.8,1.5,1.85,0.0
492845,3.0,5.6,1.85,0.0
492846,0.0,0.0,0.00,0.0
492847,0.8,1.5,1.85,4.2
492848,1.0,1.9,1.85,0.0
492849,414.5,1616.4,3.90,0.0
492850,188.1,671.8,3.57,22.0
492851,153.0,507.7,3.32,211.9
492852,4.0,6.5,1.62,0.0
492853,38.8,154.6,3.98,0.0
492854,139.4,520.9,3.74,0.0
492855,85.6,293.4,3.43,85.5
492856,44.8,159.6,3.56,0.0
492857,56.8,179.5,3.16,27.6
492858,24.8,74.6,3.01,13.2
492859,23.8,67.2,2.82,1.8
492860,1.0,1.9,1.85,0.0
492861,0.0,0.0,0.00,0.0
492862,28.0,94.4,3.37,2.0
492863,30.0,100.9,3.36,0.8
492864,108.5,388.0,3.58,30.4
492865,29.0,94.4,3.26,2.4
492866,21.4,73.0,3.41,0.0
492867,186.4,608.4,3.26,1.0
492868,101.2,364.4,3.60,0.0
492869,12.8,37.4,2.92,0.0
492870,0.0,0.0,0.00,0.0
492871,0.0,0.0,0.00,0.0
492872,0.0,0.0,0.00,0.0
492873,0.0,0.0,0.00,0.0
492874,0.0,0.0,0.00,0.0
492875,0.0,0.0,0.00,0.0
492876,0.0,0.0,0.00,0.0
492877,0.0,0.0,0.00,0.0
492878,0.0,0.0,0.00,0.0
492879,0.0,0.0,0.00,0.0
492880,0.0,0.0,0.00,0.0
492881,0.0,0.0,0.00,0.0
